title,text,label
"Direct flights between India and China to resume after 4 years, IndiGo to restart service on Oct 26","Onmanorama Lite App    Onmanorama Staff Published: October 02, 2025 08:54 PM IST 1 minuteRead Link Copied New Delhi: Direct air connectivity between India and China will resume this month after being suspended for more than four years, marking a key step in normalising bilateral ties. The Civil Aviation Ministry said on Thursday that designated carriers from both countries can restart operations by late October, following sustained engagement between the aviation authorities. Flights were suspended in early 2020 due to the pandemic and remained off the schedule amid the eastern Ladakh border tensions. IndiGo will be the first to relaunch services, with daily non-stop flights between Kolkata and Guangzhou starting October 26. The airline said it also plans to introduce a Delhi–Guangzhou route soon, using Airbus A320 neo aircraft. Air India, which previously operated services from Delhi to Shanghai, is expected to restart China flights by the end of this year, sources indicated. “The resumption of direct flights will enhance connectivity, support people-to-people exchanges, and boost economic collaboration between India and China,” the ministry said in a statement. © Copyright 2025 Onmanorama.  All rights reserved. ",REAL
"103 Naxalites, 49 of them with ₹1 crore bounty, surrender in Chhattisgarh’s Bijapur","Onmanorama Lite App    Onmanorama Staff Published: October 02, 2025 08:40 PM IST 1 minuteRead Link Copied Bijapur: As many as 103 Naxalites, including 22 women and 49 with a combined bounty of over ₹1 crore, surrendered before authorities in Bijapur district of Chhattisgarh on Thursday, police said. The cadres turned themselves in before senior police and CRPF officials, citing disillusionment with the ""hollow"" Maoist ideology and internal rifts within CPI (Maoist), Bijapur SP Jitendra Kumar Yadav said. They were also influenced by the Bastar police’s Poona Margem rehabilitation drive, the state’s Niyad Nellanar development scheme, and the government’s new surrender and rehabilitation policy. Among those who surrendered were top Maoist leaders such as Lachhu Punem alias Santosh (36), a divisional committee member, and four others carrying ₹8 lakh each on their heads. Several others carried bounties ranging from ₹5 lakh to ₹10,000. With this, 410 Naxalites have surrendered in Bijapur this year, while 421 others have been arrested, the SP added. Each surrendering cadre received immediate assistance of ₹50,000 and will be rehabilitated under the state policy. © Copyright 2025 Onmanorama.  All rights reserved. ",REAL
"Elon Musk becomes first to hit $500 billion net worth, boosted by Tesla shares: Forbes","Onmanorama Lite App    Reuters Published: October 02, 2025 07:10 PM IST 2 minuteRead Link Copied Elon Musk on Wednesday became the first person to surpass $500 billion in net worth, driven by a rebound in Tesla shares and soaring valuations of his other tech ventures. The milestone comes just under a year after Musk’s net worth crossed $400 billion, cementing his position as the world’s richest person. His fortune briefly touched $500 billion on Wednesday before settling at $499.1 billion at 5 pm ET, according to Forbes’ billionaires index. Musk’s wealth is closely tied to his roughly 12% stake in Tesla, the world’s most valuable automaker. Tesla stock has gained about 14% so far this year after a volatile start, with Musk last month buying around $1 billion in shares, signalling confidence as the company transitions from an automaker to an AI and robotics player. The automaker’s board last month proposed a $1 trillion compensation plan for Musk, setting ambitious financial and operational targets and addressing his demands for a larger stake. The package, the largest ever offered to a corporate executive, has lifted investor sentiment and contributed to Tesla’s stock rising 35.7% since its disclosure on September 5. From autos to aerospace to AIMusk’s ventures give him outsized influence across technology sectors, from electric vehicles and clean energy to satellite communications and artificial intelligence. His AI startup xAI and rocket company SpaceX have also scaled valuations this year, reportedly raising funds at $200 billion and $400 billion respectively. xAI, valued at $75 billion in July, is expanding its supercomputer “Colossus” to train large-scale models, aiming to compete with ChatGPT and Google Gemini. SpaceX dominates the commercial space sector, operating the world’s largest satellite network through Starlink, capturing most U.S. launch contracts, regularly servicing the International Space Station, and carrying satellites for rival networks. On Forbes’ billionaires list, Oracle founder Larry Ellison ranks second with a net worth of about $350.7 billion. © Copyright 2025 Onmanorama.  All rights reserved. ",REAL
Democratic system under attack in India: Rahul Gandhi in Colombia,"Onmanorama Lite App    Onmanorama Staff Published: October 02, 2025 05:44 PM IST 1 minuteRead Link Copied Bogota: Congress leader Rahul Gandhi on Thursday accused the Narendra Modi government of systematically undermining India’s democratic foundations, calling it the biggest threat the country faces today. Speaking at an interaction with students at EIA University in Envigado, Colombia, the Leader of the Opposition in Lok Sabha said India’s strength lies in its diversity of religions, languages and traditions, and only democracy can provide space for all voices. “India is a conversation between all its people,” he said, adding that attempts to impose authoritarianism would ultimately fail. Gandhi contrasted India’s decentralised structure with China’s centralised model, arguing that the former cannot accommodate authoritarianism. He warned that suppressing regional languages and traditions would be counterproductive. On the global stage, Gandhi highlighted India’s role in the ongoing energy transition. He said Britain had risen on coal and steam, while the US dominated the petroleum era, and that the contest today is between the US and China over electric motors and battery technology. India, he noted, sits at the heart of this global rivalry. He also flagged unemployment as a major challenge, saying India’s service-led economy struggles to generate jobs. Drawing a parallel with the US, he said Donald Trump’s polarisation campaign resonated with people who had lost manufacturing jobs. Gandhi underlined the need for India to develop a democratic production model capable of competing with China’s authoritarian success.(With IANS inputs.) © Copyright 2025 Onmanorama.  All rights reserved. ",REAL
"‘I Love Muhammad’ poster row: High alert in UP’s Bareilly, internet suspended for 48 hours","Onmanorama Lite App    Onmanorama Staff Published: October 02, 2025 05:22 PM IST 2 minuteRead Link Copied Bareilly: Security was stepped up across four districts of Uttar Pradesh’s Bareilly division on Thursday in view of Dussehra and “I Love Muhammad” poster row, with personnel deployed on the streets and drones monitoring from above. The state government has also suspended internet services in Bareilly district for 48 hours, officials said. According to a Home Department notification, mobile internet, broadband, and SMS services in Bareilly will remain suspended from 3 pm on October 2 to 3 pm on October 4. On September 26, clashes erupted in Bareilly’s Kotwali area when around 2,000 people gathered outside a mosque after Friday prayers. Stone-pelting was reported during the confrontation with police after a protest over the “I Love Muhammad” poster row, called by cleric Tauqeer Khan, was cancelled. So far, 81 people have been arrested in connection with the violence. Home Secretary Gaurav Dayal said social media platforms like Facebook, YouTube and WhatsApp could be misused to spread rumours and incite communal tension, prompting the suspension to maintain law and order. The directive, issued under Section 7 of the Indian Telegraph Act, 1885, and the Temporary Suspension of Telecom Services Rules, 2017, has been sent to the state DGP, Bareilly DM, SSP and telecom operators. Bareilly DM Avneesh Singh appealed to residents not to pay heed to rumours and to maintain peace. Divisional Commissioner Bhupendra S Chaudhary issued a high alert for Bareilly, Shahjahanpur, Pilibhit and Budaun districts. Police, PAC and RAF personnel have been deployed at Ramleela grounds, Durga Puja fairs and Ravan Dahan events, which draw large crowds. “All officials must discharge their responsibilities seriously. Any lapse will invite stern action,” Chaudhary said. Intelligence agencies have also been put on alert, with armed police posted at sensitive locations. “We are ensuring foolproof arrangements so that the disturbances witnessed in Bareilly do not spill over to neighbouring districts,” an official said. © Copyright 2025 Onmanorama.  All rights reserved. ",REAL
A public appeal to Norwegian Nobel Committee on behalf of people of Kerala,"Onmanorama Lite App    Thomas Sajan & Titto Idicula Published: September 19, 2025 12:02 PM IST 6 minuteRead Link Copied To the Honourable members of the Nobel Committee,We, on behalf of the people of Kerala, are writing this letter to lodge a public appeal against some nominations that came in support of US President Donald Trump for the 2025 Nobel Peace Prize. To put the perspective clear at the outset, our grievance has very little to do with who Trump is, nor are we here to dispute or evaluate the merits of his claim that he ended six (or seven) wars. Our sole intention is to draw your attention to his trade policies and their detrimental effects on global peace. Our arguments are based on how trade influences peace and harmony both among and within nations, and we would like to illustrate this by drawing your attention to our home state, Kerala. Trade and peaceThe role of trade interdependence in promoting peace and security among nations is well established in scholarly discourse, with notable examples including the ‘commercial peace theory’ and the WTO’s Trade for Peace Programme. As you are well aware of, a good illustration of this can be drawn from Europe itself, which once fought the Hundred Years’ War and two World Wars. Peace among the erstwhile warring European nations over the last half-century has been sustained largely through the establishment of common trade-facilitating institutions, such as the Organisation for European Economic Cooperation immediately after World War II, and later the European Economic Area and the Euro currency. History has shown that disputes over trade among nations can easily escalate and strain relations even between time-tested allies. A recent example is the US and Canada, whose ties deteriorated following President Trump’s unilateral imposition of tariffs on Canadian imports. The Kerala storyKerala is a striking grassroots model of how a culture of trade, sustained over many millennia, cultivates deeper linkages among communities and fosters peaceful coexistence. This southwestern Indian state has a unique trading history dating back to the 3rd millennium BC, which brought Sumerian, Roman, Chinese, and Arab traders to its coast. Flip through the pages of a Norwegian dictionary and you will come across a now-obsolete word, malebarisk, meaning extraordinary, though many Norwegians may not realise that it refers to the historic trade coast of Malabar in old Kerala. To illustrate how trade formed our society, we would like to draw the Nobel Committee’s attention to the Jewish community in Kochi, the historic port city of Kerala. The Jews are believed to have arrived in Kerala as traders during the era of King Solomon, a view supported by Hebrew inscriptions found on various artefacts originating from the region. Kerala is perhaps the only place in the world where Jews were never persecuted. Its history was shaped by diverse religious communities living in harmony for centuries, sustained by a trading culture that fostered trust and left little space for ethnic violence. To further illustrate this, we bring in a contemporary anecdote of the relationship between entrepreneur Sarah Jacob Cohen, one of the oldest members of Kochi's Jewish community, and Taha Ibrahim, a Muslim street vendor who cared for Ms Cohen until her death at the age of 96 in 2019. A simple act of trust sparked one of humanity’s most treasured relationships in the early 1980s: Sarah’s husband, Jacob Elias Cohen, entrusted Taha, a teenage Muslim boy, to keep his trade belongings in the Jewish home. Sarah Cohen’s embroidery shop in Kochi’s Jew Town is currently run by Taha Ibrahim, where visitors can buy Jewish speciality items such as handmade kippah caps and halah covers, along with viewing a small museum that preserves her personal belongings. At a time when the ‘genocidal’ war in Gaza deepens humanitarian crises with few parallels in modern history, we feel the Kerala story of Jews and Muslims harmoniously tied by trade matters greatly. Such a cosmopolitan trading culture significantly contributed to shaping Kerala as one of the most peaceful societies in India, where the three major religious communities – Hindus, Muslims, and Christians – along with other minorities, remain intricately interconnected through trade networks, even extending to the diasporic level. Tariff victimsThe rules-based era of global trade, which began with the signing of the General Agreement on Tariffs and Trade (GATT) in 1947 and was consolidated through multiple rounds of negotiations and political contestations, ultimately culminated in the establishment of the World Trade Organisation (WTO) in 1995. The kind of disruption that Trump’s unilateral tariffs inflict on the painstakingly built global trading system is nothing short of disastrous. The ‘golden’ promise of global trade has now turned into a deadly trap for exporters and labourers in Kerala. They are being forced out of the market by President Trump’s retaliatory tariffs, which undermine the multilateral trading system. In the villages of southern Kerala, traditional cashew factory workers – once a textbook case of integration with the global economy – are now gripped by a livelihood crisis. With centuries of inherited expertise, they shell, peel, and roast imported raw cashew nuts from Africa for export, until recently primarily to American and other Western markets. Shocking stories of piled-up stocks in the godowns of export-oriented seafood processing units in Kerala, coupled with cancelled orders from the US, are emerging, leaving thousands unemployed. What makes it alarming is that these are enterprises with heavy investments to meet stringent quality requirements in processing, supported by a highly trained staff equipped to meet the global export standards. In these hard times, as our marine export industry faces an existential crisis, we gratefully acknowledge Norway’s historic role in modernising Kerala’s fisheries sector during the difficult years following our independence from the British Empire. In 1952, the Norwegian government launched its first-ever international foreign aid project in Kerala, providing motorboats and introducing processing facilities – a pioneering peace initiative that laid the foundation for the state to become a major player in the seafood export market. Our core grievanceWe believe that President Trump has weaponised trade, unilaterally imposing tariffs on countries that stand in the way of his Nobel Prize aspirations. The greatest irony of our time is that a US president, while instigating or threatening multiple trade wars – thereby creating suffering populations and a discordant world – is simultaneously pursuing one of humanity’s highest honours: the Nobel Peace Prize. Therefore, on behalf of the people of Kerala, we respectfully but firmly urge the Norwegian Nobel Committee to reject any consideration of Donald Trump for the Nobel Peace Prize. President Trump, the ‘greatest disruptor’ of global trade this century, in no way fulfils Alfred Nobel’s core vision for awarding the Peace Prize to someone “who shall have done the most or the best work for fraternity between nations.”(Social anthropologist and novelist Thomas Sajan and US-trained neurologist Titto Idicula, based in Norway, write on politics, culture, economy, and medicine.) © Copyright 2025 Onmanorama.  All rights reserved. ",REAL
മന്ത്രിയുടേത് 'വെറും ഷോ'; കെഎസ്ആർടിസി ബസ് തടഞ്ഞുനിർത്തി ഡ്രൈവറെ ശാസിച്ചതിൽ ഗണേഷ് കുമാറിനെതിരെ പ്രതിഷേധം,"Activate your premium subscription today    ഓൺലൈൻ പ്രതിനിധി Published: October 02, 2025 10:40 PM ISTUpdated: October 02, 2025 10:56 PM IST 1 minuteRead Link Copied തിരുവനന്തപുരം∙ വെള്ളക്കുപ്പികൾ ബസിന്റെ ഡ്രൈവർ സീറ്റിനു മുന്നിൽ കൂട്ടിയിട്ടതിന്റെ പേരിൽ കെഎസ്ആർടിസി ബസ് തടഞ്ഞുനിർത്തി ഡ്രൈവറെ ശാസിച്ച ഗതാഗതമന്ത്രികെ.ബി.ഗണേഷ് കുമാറിന്റെനടപടിയിൽ ഉദ്യോഗസ്ഥർക്കിടയിൽ പ്രതിഷേധം. മന്ത്രിയുടേത് 'വെറും ഷോ' ആയിപ്പോയി എന്നാണ് കൊല്ലത്തെ സംഘടനാ നേതാവ് പ്രതികരിച്ചത്. ഇതേ പ്രതികരണം തന്നെയാണ് ഇതേക്കുറിച്ച് സംസാരിച്ച മിക്ക ഡ്രൈവര്‍മാരും ആവർത്തിച്ചത്. ദീര്‍ഘദൂര റൂട്ടുകളില്‍ പോകുമ്പോള്‍ കിട്ടുന്ന ബാറ്റ ഭക്ഷണത്തിനും വെള്ളത്തിനും വിശ്രമത്തിനും തികയില്ലെന്ന് കോട്ടയത്തുനിന്ന് ഏതാണ്ട് ഒമ്പതര മണിക്കൂര്‍ ദൈര്‍ഘ്യമുള്ള റൂട്ടില്‍ സ്ഥിരമായി പോകുന്ന ഡ്രൈവര്‍ പറഞ്ഞു. 'നല്ല ചൂടല്ലേ, വെള്ളം കുടിക്കാതെ ഓടിക്കാന്‍ പറ്റുമോ. എ.സിയില്‍ മാത്രം പോകുന്നവര്‍ക്ക് ഞങ്ങടെ ബുദ്ധിമുട്ട് അറിയുമോ. ദിവസം മൂന്നു നാലു കുപ്പി വെള്ളം എങ്കിലും വേണ്ടിവരും. പുലര്‍ച്ചെ 5 മണിക്കു പോയാല്‍ ഉച്ചയ്ക്കു രണ്ടരയ്ക്കാണ് എത്തുന്നത്. പത്തു രൂപയ്ക്കു വെള്ളം കിട്ടുന്ന ഇടത്തുനിന്ന് മൂന്നും നാലും കുപ്പ് വാങ്ങി വയ്ക്കുകയാണ് പതിവ്. ഒരു കുപ്പി വയ്ക്കാന്‍ മാത്രമേ ബസില്‍ സൗകര്യമുള്ളൂ. ബാക്കി കുപ്പികള്‍ മുന്നില്‍ ഇടുകയാണ് ചെയ്യുന്നത്. അതാണ് ഇപ്പോള്‍ വലിയ പ്രശ്‌നമായി പറയുന്നത്. ഒരു കുപ്പി മാത്രം മതിയെന്നു വന്നാല്‍ ഇടയ്ക്കു ബസ് നിര്‍ത്തി വെള്ളം എടുക്കേണ്ടി വരും. അത് യാത്രക്കാര്‍ക്കു ബുദ്ധിമുട്ടാകും. ഇന്നലെ ആ ഡ്രൈവര്‍ പെരുവഴിയില്‍ മന്ത്രിയുടെ മുന്നില്‍ ഓഛാനിച്ച് നില്‍ക്കുന്നതു കണ്ടോ. അയാള്‍ക്കും കുടുംബവും കുട്ടികളുമൊക്കെ ഉള്ളതല്ലേ. അവര്‍ക്ക് എത്രത്തോളം വിഷമമായി കാണും. പരസ്യമായി അപമാനിക്കുമ്പോള്‍ ഇതൊക്കെ മന്ത്രി ഒന്ന് ആലോചിക്കണം. ഒമ്പതര മണിക്കൂര്‍ ഓടി ചെല്ലുന്ന സ്ഥലത്ത് നാലു മണിക്കൂര്‍ വിശ്രമിച്ചിട്ടാണ് വൈകിട്ട് തിരിച്ചു പോരുന്നത്. നാലു മണിക്കൂര്‍ കിടക്കാന്‍ വാടക 100 രൂപ കൊടുക്കണം. എങ്ങനെ പോയാലും ഭക്ഷണത്തിനും വെള്ളത്തിനും വിശ്രമത്തിനുമായി 300 രൂപയെങ്കിലും ചെലവാകും. വെള്ളക്കുപ്പി വയ്ക്കുന്നത് മോശമാണെന്നു പറയുന്നവര്‍ ഡിപ്പോകളില്‍ ജീവനക്കാര്‍ക്കു കിടക്കാന്‍ ഒരുക്കിയിരിക്കുന്ന സ്ഥലത്തെ ദയനീയമായ അവസ്ഥ ഉള്‍പ്പെടെ ഒന്നു വിലയിരുത്തുന്നത് നല്ലതാണ്. തിരുവനന്തപുരം സെന്‍ട്രല്‍ ഡിപ്പോയില്‍ ഉള്‍പ്പെടെ ജീവനക്കാര്‍ പണിയെടുക്കുന്ന സ്ഥലവും റാംപും കണ്ടാല്‍ അറയ്ക്കും. ഇത്രയും അപര്യാപ്തതകള്‍ക്കിടയിലും ജീവിക്കാന്‍ വേണ്ടി നെട്ടോട്ടം ഓടുമ്പോഴാണ് മന്ത്രിയുടെ ഷോ. സഹിക്കുക അല്ലാതെ വേറെ മാര്‍ഗമില്ല.' - ഒരു തരത്തിലും പേര് വെളിപ്പെടുത്തരുതെന്ന അഭ്യര്‍ഥനയോടെ ഡ്രൈവര്‍ പറഞ്ഞു. മന്ത്രിക്കു കലിപ്പടിച്ചാല്‍ തിരഞ്ഞുപിടിച്ച് പ്രതികാരനടപടി ഉണ്ടാകുമെന്നാണ് ഭയം. കഴിഞ്ഞ ദിവസമാണ് കൊല്ലം ആയൂരിൽ കോട്ടയം–തിരുവനന്തപുരംഫാസ്റ്റ് പാസഞ്ചർ ബസ്തടഞ്ഞുനിർത്തി ഗണേഷ് കുമാർ ജീവനക്കാരെ ശാസിച്ചത്. ബസിനു മുന്നിൽ പ്ലാസ്റ്റിക് കുപ്പികൾ കൂട്ടിയിട്ടതിനായിരുന്നു ശകാരം. ബസുകള്‍ വൃത്തിയായി സൂക്ഷിക്കണമെന്നും പ്ലാസ്റ്റിക് കുപ്പികള്‍ കൂട്ടിയിടരുതെന്നും എംഡി നേരത്തേ നോട്ടിസ് നല്‍കിയിരുന്നു. ഇത് ജീവനക്കാര്‍ പാലിച്ചില്ലെന്നും മന്ത്രി പറഞ്ഞു. ജീവനക്കാര്‍ക്കെതിരെ നടപടിയെടുക്കുമെന്നും മന്ത്രി റോഡിൽവച്ച് പ്രഖ്യാപിച്ചിരുന്നു. ഞങ്ങളല്ല കുപ്പികൾ ഉപേക്ഷിച്ചതെന്ന് ജീവനക്കാർ പറഞ്ഞെങ്കിലും മന്ത്രി കേൾക്കാൻ തയ്യാറായില്ല. ഇന്നലെ ബസിലിട്ട കുപ്പികളാണെങ്കില്‍ ഇന്ന് ബസ് സര്‍വീസ് നടത്തും മുൻപ് നിങ്ങളെന്തു ചെയ്തുവെന്നായിരുന്നു മന്ത്രിയുടെ മറുചോദ്യം. Activate your premium subscription today. © Copyright 2025 Manoramaonline. All rights reserved. ",REAL
ഗ്യാസ് ഏജൻസി ജീവനക്കാരനെ മരത്തിൽ കെട്ടിയിട്ട് മർദിച്ചു: അച്ഛനും മകനും പിടിയിൽ,"Activate your premium subscription today    മനോരമ ലേഖകൻ Published: October 02, 2025 10:17 PM IST 1 minuteRead Link Copied കുമളി ∙ വണ്ടൻമേട് വാഴവീടിനു സമീപം പാചകവാതക വിതരണ ഏജൻസിയിലെ ജീവനക്കാർക്കു നേരെ ആക്രമണം. മേൽവാഴവീട് സ്വദേശികളായ പാൽപാണ്ടി, മകൻ അശോകൻ എന്നിവരെ കുമളി പൊലീസ്അറസ്റ്റ് ചെയ്തു.കരിഞ്ചന്തയിൽ പാചകവാതകം വിതരണം ചെയ്യുന്ന സംഘമാണ് ആക്രമണം നടത്തിയതെന്നു പൊലീസ് പറഞ്ഞു. ബുധനാഴ്ച വൈകിട്ട് 5ന് ആണു സംഭവം. കുമളി പത്തുമുറിയിലെ ഭാരത് ഗ്യാസ് ഏജൻസിയിൽനിന്നു മേൽവാഴവീട് ഭാഗത്തു സിലിണ്ടർ വിതരണത്തിനെത്തിയ ജിസ്മോൻ, പ്രതീക്ഷ എന്നിവർക്കാണു മർദനമേറ്റത്. പാൽപാണ്ടിയുടെയും അശോകന്റെയും നേതൃത്വത്തിലാണ് ആക്രമണം നടന്നതെന്നും 2 അതിഥിത്തൊഴിലാളികളും ഒപ്പമുണ്ടായിരുന്നെന്നുംപൊലീസ്പറഞ്ഞു. ജിസ്മോനെ പ്ലാസ്റ്റിക് കയർ ഉപയോഗിച്ച് മരത്തിൽ കെട്ടിയിട്ട ശേഷമാണു മർദിച്ചത്. പ്രതീക്ഷയെ മർദിച്ചെന്നും ഒന്നര പവന്റെ മാല വലിച്ചുപൊട്ടിച്ചെന്നും പരാതിയിലുണ്ട്. പ്രതികളുടെ വ്യാപാരസ്ഥാപനത്തിൽനിന്നു പാചകവാതക സിലിണ്ടർ അതിഥിത്തൊഴിലാളികൾക്കു കൊടുക്കാറുണ്ടായിരുന്നെന്നും പിന്നീട് ഇവർ ഏജൻസിയിൽനിന്നു നേരിട്ട് സിലിണ്ടറുകൾ വാങ്ങിച്ചതിൽ പ്രകോപിതരായാണു മർദനം നടത്തിയതെന്നും പൊലീസ് പറഞ്ഞു. Activate your premium subscription today. © Copyright 2025 Manoramaonline. All rights reserved. ",REAL
വിജയദശമി ആഘോഷങ്ങൾക്കിടെ അപകടം: മധ്യപ്രദേശിൽ രണ്ടിടങ്ങളിലായി 13 മരണം,"Activate your premium subscription today    ഓൺലൈൻ ‍െഡസ്ക് Published: October 02, 2025 09:56 PM IST 1 minuteRead Link Copied ഭോപാൽ∙ മധ്യപ്രദേശിൽ വിജയ ദശമി ആഘോഷങ്ങൾക്കിടെയുണ്ടായ 2 അപകടങ്ങളിലായി 13 പേർമരിച്ചു. ഖാണ്ഡ്‌വ ജില്ലയിൽ വിഗ്രഹങ്ങൾ നിമഞ്ജനത്തിനായി പോയ വിശ്വാസികൾ സഞ്ചരിച്ച ട്രാക്ടർ ട്രോളി  കുളത്തിലേക്ക് മറിഞ്ഞ് 11 പേർ മരിച്ചു. ഇതിൽ 8 പേർ പെൺകുട്ടികളാണ്. 25 പേരോളം ട്രാക്ടറിൽ ഉണ്ടായിരുന്നെന്നാണ് വിവരം. കാണാതായവർക്കായി തിരച്ചിൽ നടക്കുകയാണ്. ആർഡ്‌ല, ജാമ്‌ലി ഗ്രാമങ്ങളിൽനിന്ന് പോയവരാണ് അപകടത്തിൽപ്പെട്ടത്. ഉജ്ജയിനിലെ ഇങ്കോറിയയിൽ വിശ്വാസികളുമായി പോയ ട്രാക്ടർ ചമ്പൽ നദിയിലേക്ക് മറിഞ്ഞാണ് രണ്ടാമത്തെഅപകടമുണ്ടായത്. ട്രാക്ടറിലുണ്ടായിരുന്ന പന്ത്രണ്ടുകാരൻ പെട്ടെന്ന് വാഹനം ഓണാക്കിയതാണ് അപകടകാരണമെന്നാണ് സൂചന. ഇതോടെ ട്രാക്ടർ നിയന്ത്രണംവിട്ട് നദിയിൽ പതിച്ചു. 12 കുട്ടികൾ നദിയിൽ വീണെങ്കിലും 11 പേരെ നാട്ടുകാർ രക്ഷപ്പെടുത്തി. ഇതിൽ രണ്ടുപേർ പിന്നീട് ആശുപത്രിയിൽവച്ച് മരിച്ചു. ഒരാളെ ഇനിയും കണ്ടെത്താനുണ്ട്. മരിച്ചവരുടെ കുടുംബങ്ങൾക്ക് മുഖ്യമന്ത്രി മോഹൻ യാദവ് 4 ലക്ഷം രൂപ നഷ്ടപരിഹാരം പ്രഖ്യാപിച്ചു. Disclaimer : വാർത്തയു‍ടെ കൂടെയുള്ള ചിത്രം മലയാള മനോരമയുടേതല്ല. ചിത്രം ANIയുടെ എക്സ് അക്കൗണ്ടിൽ നിന്ന് എടുത്തതാണ്. Activate your premium subscription today. © Copyright 2025 Manoramaonline. All rights reserved. ",REAL
വിദ്യാരംഭത്തിനായി കേരളത്തിൽനിന്ന് കൊല്ലൂരിൽ എത്തിയത് നിരവധി കുരുന്നുകൾ,"Activate your premium subscription today    മനോരമ ലേഖകൻ Published: October 02, 2025 09:37 PM IST 1 minuteRead Link Copied കൊല്ലൂർ ∙ വിജയദശമി നാളിൽ വിദ്യാരംഭത്തിനായി കേരളത്തിൽനിന്ന് ഉൾപ്പെടെ ഭക്തർ കുരുന്നുകളുമായികൊല്ലൂരിലെത്തി. പുലർച്ചെ 3ന് നട തുറന്ന് മുഖ്യതന്ത്രി നിത്യാനന്ദ അഡിഗയുടെ കാർമികത്വത്തിൽ വിദ്യാരംഭ ചടങ്ങുകൾ ആരംഭിച്ചു. ക്ഷേത്രം മേൽശാന്തിമാരുടെ നേതൃത്വത്തിൽ സരസ്വതി മണ്ഡപത്തിലും സരസ്വതി മണ്ഡപത്തിന്റെ വരാന്തയിലുമായി മാതാപിതാക്കൾ കുരുന്നുകളുമായെത്തി അറിവിന്റെ ആദ്യാക്ഷരങ്ങൾ കുറിച്ചു. വിദ്യാരംഭത്തിനായി പതിവിലും ആളുകൾ കുറവായിരുന്നു. എങ്കിലും ആയിരത്തോളം കുരുന്നുകൾ വാഗ്ദേവത കൂടിയായ മൂകാംബികയുടെ സന്നിധിയിൽ വച്ച് ഹരിശ്രീ കുറിച്ചതായി മുഖ്യ അർച്ചകൻ രാമചന്ദ്ര അഡിഗ പറഞ്ഞു. ഉച്ചയ്ക്ക് 12ന് നവാന്നപ്രാശ നൈവേദ്യ പൂജയും വൈകിട്ട് 5.30ന് വിജയോത്സവ ചടങ്ങും പൂർത്തിയായതോടെ കൊല്ലൂരിലെ ഈ വർഷത്തെ നവരാത്രി ആഘോഷ ചടങ്ങുകൾക്ക് സമാപനമായി. Activate your premium subscription today. © Copyright 2025 Manoramaonline. All rights reserved. ",REAL
"ചൈതന്യാനന്ദയുടെ ഇഷ്ടത്തിന് വഴങ്ങാൻ പെൺകുട്ടികളെ നിർബന്ധിച്ചു, തെളിവുകൾ നശിപ്പിച്ചു; സഹായികളായ 3 സ്ത്രീകൾ അറസ്റ്റിൽ","Activate your premium subscription today    ഓൺലൈൻ ഡെസ്ക് Published: October 02, 2025 09:32 PM IST 1 minuteRead Link Copied ന്യൂഡൽഹി∙ വിദ്യാർഥിനികളോട്ലൈംഗികാതിക്രമംനടത്തിയെന്ന പരാതിയിൽ കസ്റ്റഡിയിലുള്ള സ്വാമി ചൈതന്യാനന്ദ സരസ്വതിയുടെ സഹായികളായ മൂന്ന് സ്ത്രീകൾ അറസ്റ്റിൽ. വസന്ത് കുഞ്ചിലെ ശ്രീ ശാരദ ഇൻസ്റ്റിറ്റ്യൂട്ട് ഓഫ് ഇന്ത്യൻ മാനേജ്മെന്റിലെ ‌അസോഷ്യേറ്റ് ഡീൻ ശ്വേത ശർമ, എക്സിക്യൂട്ടീവ് ഡയറക്ടർ ഭാവ്‌ന കപിൽ, സീനിയർ ഫാക്കൽറ്റി കാജൽ എന്നിവരാണ്അറസ്റ്റിലായത്. സ്വാമി പറയുന്നത് അനുസരിക്കാൻ ഈ സ്ത്രീകൾ കുട്ടികളെ നിർബന്ധിച്ചിരുന്നെന്നും സ്വാമിക്കെതിരെയുള്ള തെളിവുകൾ പെൺകുട്ടികളുടെ ഫോണിൽനിന്ന് ഇവർ ഇല്ലാതാക്കിയെന്നും കുട്ടികൾ പരാതിയിൽ ആരോപിച്ചിരുന്നു. 17 പെൺകുട്ടികളാണ് ചൈതന്യാനന്ദയ്ക്കെതിരെ പരാതി നൽകിയിട്ടുള്ളത്. സ്വാമിയുടെ നിർദേശങ്ങൾ അനുസരിച്ചിരുന്നെന്നും സ്വാമിയുടെ ഇഷ്ടങ്ങൾക്ക് വഴങ്ങാൻ കുട്ടികളെ നിർബന്ധിച്ചിരുന്നെന്നും ഇവർ ചോദ്യം ചെയ്യലിൽ സമ്മതിച്ചിട്ടുണ്ട്. ഞായറാഴ്ചയാണ് 62 വയസ്സുകാരനായ ചൈതന്യാനന്ദയെ ഒളിവിൽ കഴിഞ്ഞിരുന്ന ആഗ്രയിലെ ഹോട്ടലിൽനിന്ന്പൊലീസ്അറസ്റ്റ് ചെയ്തത്. ഇയാളെ 5 ദിവസം റിമാൻഡ് ചെയ്തു. ഒഡിഷ സ്വദേശിയായ ചൈതന്യാനന്ദയുടെ ശരിയായ പേര് പാർഥസാരഥിയെന്നാണ്. ഇയാളിൽനിന്ന് 3 ഫോണുകളും ഒരു ഐപാഡും കണ്ടെടുത്തിട്ടുണ്ട്. വിദ്യാർഥിനികളുടെ യോഗ ചിത്രങ്ങളെക്കുറിച്ച് അനാവശ്യ പരാമർശം നടത്തുന്നതിന്റെ ദൃശ്യങ്ങളും ഫോണിലുണ്ട്. അതേസമയം, 9 വർഷം മുമ്പും ചൈതന്യാനന്ദ പെൺകുട്ടികളോട് മോശമായി പെരുമാറിയിരുന്നു എന്നാരോപിച്ച് പൂർവ വിദ്യാർഥി രംഗത്തെത്തി. സ്വാമിയുടെ നിർദേശങ്ങൾക്ക് വഴങ്ങുന്ന കുട്ടികൾക്ക് കൂടുതൽ സൗകര്യങ്ങളുള്ള മുറികൾ ലഭിച്ചിരുന്നെന്നും ഇവർക്ക് ചൈതന്യാനന്ദ വിലകൂടിയ ഫോണുകളും മറ്റും വാങ്ങിനൽകിയിരുന്നെന്നും വിദ്യാർഥി പറഞ്ഞു. 2016ൽ തന്റെ സഹപാഠിയായ പെൺകുട്ടിയെയും ചൈതന്യാനന്ദ നോട്ടമിട്ടിരുന്നു. അവളോടു മാത്രം ഇന്റേൺഷിപ്പിനായി വിദേശത്തും മഥുരയിലേക്കും ചെല്ലാൻ പറഞ്ഞു. എന്നാൽ അപകടം തോന്നിയതോടെ ആ പെൺകുട്ടി ശാരദ ഇൻസ്റ്റിറ്റ്യൂട്ടിലെ പഠനം അവസാനിപ്പിച്ചെന്നും വിദ്യാർഥി പറയുന്നു. ഈ കുട്ടിയും ചൈതന്യാനന്ദയ്ക്കെതിരെ പരാതി നൽകിയിരുന്നു. Disclaimer : വാർത്തയു‍ടെ കൂടെയുള്ള ചിത്രം മലയാള മനോരമയുടേതല്ല. ചിത്രം ANI എന്ന എക്സ് അക്കൗണ്ടിൽ നിന്ന് എടുത്തതാണ്. Activate your premium subscription today. © Copyright 2025 Manoramaonline. All rights reserved. ",REAL
നെടുമങ്ങാട് ജില്ലാ ആശുപത്രിയിൽ കോൺക്രീറ്റ് പാളി അടർന്നുവീണു; യുവതിയുടെ കൈയ്ക്ക് പരുക്ക്,"Activate your premium subscription today    മനോരമ ലേഖകൻ Published: October 02, 2025 09:15 PM IST 1 minuteRead Link Copied നെടുമങ്ങാട്∙നെടുമങ്ങാട്ജില്ലാ ആശുപത്രിയിൽ കോൺക്രീറ്റ് പാളി അടർന്നുവീണ് ഒരാൾക്ക് പരുക്ക്. ഇന്ന് രാവിലെയാണ് സംഭവം. ശാന്തിഗിരി ആനന്ദപുരം റിയാസ് മൻസിലിൽ നൗഫിയ നൗഷാദിന് (21) ആണ് പരുക്കേറ്റത്. നടുവേദനയെ തുടര്‍ന്ന് ചികിത്സയ്ക്കെത്തിയ മുത്തച്ഛൻ ബി.ഫസലുദ്ദീനൊപ്പം ആശുപത്രിയിലെത്തിയതായിരുന്നു നൗഫിയ. നൗഫിയയുടെ കൈയ്ക്കാണ് പരുക്കേറ്റത്. ഫസലുദ്ദീനെ പിഎംആർ ഒപിയിൽ ഡോക്ടറെ കാണിക്കാൻ ഇരിക്കുന്നതിനിടെയാണു കോൺക്രീറ്റ് പാളികൾ അടർന്നു വീണത്. നൗഫിയയുടെ ഇടതു കൈയിലും മുതുകിലും പാളികൾ അടർന്നുവീണു. അപകടത്തിന് പിന്നാലെ പിഎംആർ ഒപി ഇവിടെ നിന്ന് സ്കിൻ ഒപിയിലേക്ക് മാറ്റി. നൗഫിയയുടെ കൈയിൽ എക്സ്റേ പരിശോധന നടത്തിയതിൽ മറ്റ് പ്രശ്നങ്ങളില്ലെന്ന് കണ്ടെത്തിയിട്ടുണ്ട്. അതേസമയം, ജില്ലാ ആശുപത്രിയിൽ എക്സ്റേ മെഷീൻ പ്രവർത്തിക്കാത്തതിനെ തുടർന്ന് പുറത്തുനിന്നാണ് എക്സ്റേ എടുത്തതെന്നും ഇതിന് 700 രൂപ ആശുപത്രിയിൽനിന്ന് നൽകിയെന്നും നൗഫിയ പറഞ്ഞു. മരുന്നുകളും പുറത്തുനിന്നാണ് വാങ്ങിയത്. Activate your premium subscription today. © Copyright 2025 Manoramaonline. All rights reserved. ",REAL
"‘ട്രംപിന്റെ ശ്രമം ലോക നായകനാവാൻ; നെതന്യാഹു യുഎന്നിൽ പ്രസംഗിച്ചത് ഒഴിഞ്ഞ കസേരകൾക്ക് മുന്നിൽ, ഗാസയിലെ കുട്ടികളുടെ രോദനം മനസ്സിലാക്കണം’","Activate your premium subscription today    ഓൺലൈൻ പ്രതിനിധി Published: October 02, 2025 08:39 PM IST 1 minuteRead Link Copied കോഴിക്കോട് ∙ ഇസ്രയേൽ നടത്തുന്ന ആക്രമണങ്ങളെ പിന്തുണയ്ക്കുന്ന നിലപാടാണ് പ്രധാനമന്ത്രി നരേന്ദ്ര മോദി സ്വീകരിക്കുന്നതെന്ന് സിപിഎം സംസ്ഥാന സെക്രട്ടറിഎം.വി.ഗോവിന്ദൻ. സാമ്രാജ്യത്വ ശക്തികൾക്ക് കീഴടങ്ങുന്ന നിലപാട് സ്വീകരിക്കുന്ന കേന്ദ്ര സർക്കാർ സമീപനം നമുക്ക് അപമാനകരമാണ്. വിവിധ ഇടങ്ങളിലെ വിഷയങ്ങളിൽ ഇടപെട്ട് ലോകത്തിന്റെ നായകനാവാനാണ് യുഎസ് പ്രസിഡന്റ് ഡോണൾഡ് ട്രംപിന്റെ ശ്രമം. കോഴിക്കോട് എൽഡിഎഫ് പലസ്തീൻ ഐക്യദാർഢ്യ സദസ് ഉദ്‌ഘാടനം ചെയ്യുകയായിരുന്നു അദ്ദേഹം. പലസ്തീൻ ജനത നേരിടുന്നത് ക്രൂരമായ ആക്രമണങ്ങളാണ്. ഗാസയിലെ കുട്ടികളുടെ രോദനം നമ്മൾ മനസിലാക്കണം. ഇസ്രയേലും അമേരിക്കയും ആഗോളതലത്തിൽ ഒറ്റപ്പെട്ടു. ഒഴിഞ്ഞ കസേരകൾക്ക് മുന്നിലാണ് നെതന്യാഹു യുഎന്നിൽ പ്രസംഗിച്ചത്. പലസ്തീനിലെ വംശഹത്യ ലോകമാകെ എല്ലാവരും എതിർക്കുകയാണ്. ഗാസയെ ടൂറിസ്റ്റ് കേന്ദ്രമാക്കാനാണ് അമേരിക്കയുടെ ശ്രമം. ഗാസയെ വിൽക്കാനാണ് ഇസ്രയേലിന്റെ ശ്രമം എന്നും അദ്ദേഹം പറഞ്ഞു. പലസ്തീന്റെ അസ്ഥിത്വം ആർക്കും നിഷേധിക്കാൻ കഴിയില്ലെന്ന് ഐക്യദാർഢ്യസദസ്സിൽ മുഖ്യാതിഥിയായ ഇന്ത്യയിലെ പലസ്തീൻ അംബാസഡർ അബ്ദുല്ല മുഹമ്മദ് അബു സാവേശ് പറഞ്ഞു. പലസ്തീന് സമൂഹമാധ്യമങ്ങളിലൂടെ പിന്തുണ നൽകാൻ എല്ലാവരും ശ്രമിക്കണം.  ഇന്ത്യയിൽ നിന്ന് ഇനിയും പിന്തുണ പ്രതീക്ഷിക്കുന്നതായും അബു സാവേശ് പറഞ്ഞു. Activate your premium subscription today. © Copyright 2025 Manoramaonline. All rights reserved. ",REAL
"സ്ത്രീധന പീഡന കൊലപാതക കേസിൽ കുടുങ്ങി ഭർത്താവും കുടുംബവും, 2 വർഷത്തിനിപ്പുറം ‘മരിച്ച’ യുവതി തിരിച്ചെത്തി; ട്വിസ്റ്റ്","Activate your premium subscription today    ഓൺലൈൻ ഡെസ്ക് Published: October 02, 2025 08:23 PM IST 1 minuteRead Link Copied ലക്നൗ∙ സ്ത്രീധന പീഡനകൊലപാതകത്തിൽഭർത്താവും ഭർതൃവീട്ടുകാരും നിയമനടപടി നേരിടുന്നതിനിടെ ‘മരിച്ച’ യുവതി രണ്ടു വർഷത്തിനു ശേഷം തിരിച്ചെത്തി. ഉത്തർപ്രദേശിലെ ഔറയ്യ ജില്ലയിലാണ് സംഭവം. 2023ലാണ് ഇരുപതുകാരിയായ യുവതിയെ ഭർതൃ വീട്ടിൽനിന്ന് കാണാതാകുന്നത്. ഏറെ ദിവസങ്ങൾക്കു ശേഷവും ഇവരെക്കുറിച്ച് വിവരമൊന്നും ഇല്ലാതായതോടെ യുവതിയുടെ വീട്ടുകാർ 2023 ഒക്ടോബറിൽ പൊലീസിൽ പരാതി നൽകി.പൊലീസ്അന്വേഷിച്ചിട്ടും വിവരം ലഭിക്കാതായതോടെ യുവതിയെ ഭർതൃ വീട്ടുകാർ സ്ത്രീധനത്തിന്റെ പേരിൽ കൊന്നതാണന്ന് ആരോപിച്ച് ഭർത്താവിനും ഭർത്താവിന്റെ കുടുംബത്തിലെ ആറു പേർക്കുമെതിരെ പരാതി നൽകി. രണ്ടു വർഷമായി ഈ കേസിൽ അന്വേഷണം നടക്കുന്നതിനിടെയാണ് മധ്യപ്രദേശിൽനിന്ന് യുവതിയെ കണ്ടെത്തുന്നത്. ‘വിവാഹത്തിനു ശേഷം ഒന്നര വർഷം കഴിഞ്ഞാണ് യുവതിയെ കാണാതാകുന്നത്. വീട്ടുകാരുടെ പരാതിയിൽ കോടതിയുടെ നിർദേശപ്രകാരമാണ് ഭർത്താവിനും വീട്ടുകാർക്കുമെതിരെ കേസെടുത്തത്. മധ്യപ്രദേശിൽനിന്ന് യുവതിയെ നാട്ടിലെത്തിച്ചിട്ടുണ്ട്. തുടരന്വേഷണം നടക്കുകയാണ്’–ഔറയ്യ സർക്കിൾ ഓഫിസർ അശോക് കുമാർ സിങ് പറഞ്ഞു. മധ്യപ്രദേശിൽ യുവതി എന്തു ചെയ്യുകയായിരുന്നെന്നും എന്തുകൊണ്ടാണ് വീട്ടുകാരുമായി ബന്ധപ്പെടാത്തതെന്നും അന്വേഷിക്കുകയാണെന്നും പൊലീസ് പറഞ്ഞു. Activate your premium subscription today. © Copyright 2025 Manoramaonline. All rights reserved. ",REAL
ട്രാൻസ്ജെൻഡർ സമൂഹത്തെ പിന്തുണയ്ക്കുന്ന സംഘടനകൾക്കുള്ള സഹായം അവസാനിപ്പിക്കാൻ യുഎസ്,"Activate your premium subscription today    ഓൺലൈൻ ഡെസ്ക് Published: October 02, 2025 08:10 PM IST 1 minuteRead Link Copied വാഷിങ്ടൻ∙ ട്രാൻസ്ജെൻഡറുകൾക്കും സ്വവർഗാനുരാഗികൾക്കും പിന്തുണ നൽകുന്ന, വിദേശത്തു പ്രവർത്തിക്കുന്ന സംഘടനകൾക്കും സർക്കാരുകൾക്കുമുള്ള സഹായം അവസാനിപ്പിക്കാൻ യുഎസ് ഭരണകൂടം ഒരുങ്ങുന്നുവെന്ന് റിപ്പോർട്ട്. യുഎസ് ആസ്ഥാനമായി പ്രവർത്തിക്കുന്ന സംഘടനകൾ, വിദേശ സംഘടനകൾ, സന്നദ്ധ സംഘടനകൾ, വിദേശ സർക്കാരുകൾ, യുഎൻ പദ്ധതികൾ എന്നിവയ്ക്ക് വിലക്ക് ബാധകമാകുമെന്ന് ഇതുമായി ബന്ധപ്പെട്ടയുഎസ്ഉദ്യോഗസ്ഥരെയും സന്നദ്ധ സംഘടനകളെയും ഉദ്ധരിച്ച് യുഎസ് മാധ്യമമായ പൊളിറ്റിക്കോ റിപ്പോർട്ട് ചെയ്തു. നേരത്തേ, യുഎസ് സർക്കാരിന്റെ സഹായം സ്വീകരിക്കുന്ന ആരോഗ്യ സേവനദാതാക്കൾ ഗർഭച്ഛിദ്രത്തിന് പിന്തുണ നൽകുന്നതും പ്രോത്സാഹിപ്പിക്കുന്നതും വിലക്കുന്ന ‘മെക്സിക്കോ സിറ്റി’ നയം ട്രംപ് ഭരണകൂടം കൊണ്ടുവന്നിരുന്നു. ഇതിന്റെ വിപുലീകരണമാണ് ട്രാൻസ്ജെൻഡറുകൾക്കെതിരെയുള്ള നീക്കമെന്നാണ് വിലയിരുത്തപ്പെടുന്നത്. യുഎസ് പ്രസിഡന്റ് ഡോണൾഡ് ട്രംപിന്റെ ‘അമേരിക്ക ആദ്യം’ നയം തുടരും എന്നാണ് സഹായം നിർത്തലാക്കുന്നത് സംബന്ധിച്ച മാധ്യമപ്രവർത്തകരുടെ ചോദ്യങ്ങൾക്കുള്ള മറുപടിയായി യുഎസ് വിദേശകാര്യ വിഭാഗത്തിന്റെ മുതിർന്ന ഉദ്യോഗസ്ഥൻ പറഞ്ഞത്. നികുതി ദായകരുടെ പണം ഗർഭച്ഛിദ്രം പ്രോത്സാഹിപ്പിക്കുന്നതു പോലെയുള്ള കാര്യങ്ങൾക്ക് പോകുന്നത് ഒഴിവാക്കാനായി എല്ലാ പഴുതുകളും അടയ്ക്കാനുള്ള നടപടികൾ സ്വീകരിക്കും. യുഎസ് വിദേശ സഹായത്തിന്റെ ഓരോ പൈസയും പുരോഗമന അജൻഡകൾക്കല്ല, മറിച്ച് യുഎസ് മൂല്യങ്ങൾക്ക് മുൻഗണന നൽകുന്നതാകും’–ഉദ്യോഗസ്ഥൻ പറഞ്ഞു. Activate your premium subscription today. © Copyright 2025 Manoramaonline. All rights reserved. ",REAL
‘ഇന്ത്യ നേരിടുന്ന വലിയ വെല്ലുവിളി ജനാധിപത്യത്തിനു നേരെയുള്ള ആക്രമണം’; കൊളംബിയയിൽ കേന്ദ്രസർക്കാരിനെതിരെ രാഹുൽ ഗാന്ധി,"Activate your premium subscription today    ഓൺലൈൻ ഡെസ്ക് Published: October 02, 2025 07:59 PM IST 1 minuteRead Link Copied എൻവിഗാഡോ∙ കൊളംബിയയിൽ കേന്ദ്രസർക്കാരിനെതിരെ കടുത്ത വിമർശനവുമായിരാഹുൽ ഗാന്ധി. ജനാധിപത്യത്തിനു നേരെയുള്ള ആക്രമണമാണ് ഇന്ത്യ നേരിടുന്ന ഏറ്റവും വലിയ വെല്ലുവിളിയെന്ന് നരേന്ദ്ര മോദി സർക്കാരിനെ ഉന്നമിട്ടുകൊണ്ട് രാഹുല്‍ പറഞ്ഞു. കൊളംബിയയിലെ ഇഐഎ സർവകലാശാലയിൽ നടന്ന സംവാദത്തിൽ സംസാരിക്കുകയായിരുന്നു അദ്ദേഹം. ‘എൻജിനിയറിങ്, ആരോഗ്യം തുടങ്ങിയ മേഖലകളിൽ ശക്തമായ ശേഷിയാണ് ഇന്ത്യയ്ക്കുള്ളത്. അതുകൊണ്ടുതന്നെ രാജ്യത്തെക്കുറിച്ച് എനിക്ക് വലിയ ശുഭാപ്തിവിശ്വാസമുണ്ട്. എന്നാൽ അതേസമയം, ഇന്ത്യയുടെ ഘടനയിൽ തിരുത്തപ്പെടേണ്ട ചില പിഴവുകളുമുണ്ട്. ഇന്ത്യയിൽ ജനാധിപത്യം നേരിടുന്ന ആക്രമണമാണ് ഏറ്റവും വലിയ വെല്ലുവിളി. വിവിധ പാരമ്പര്യങ്ങൾക്കും സംസ്കാരങ്ങൾക്കും ആശയങ്ങൾക്കും മതവിശ്വാസങ്ങൾക്കും ഒന്നിച്ചു പുലരാൻ ജനാധിപത്യം അത്യാവശ്യമാണ്. ഇന്ത്യയിൽ ഒട്ടേറെ മതങ്ങളും സംസ്കാരങ്ങളും ഭാഷകളുമുണ്ട്. ഇവയ്ക്ക് നിലനിൽപിനു വേണ്ട ഇടമാവശ്യമുണ്ട്. ആ ഇടം നൽകാൻ ഏറ്റവും മികച്ച രീതി ജനാധിപത്യമാണ്. രാജ്യത്തിന്റെ വിവിധ ഭാഗങ്ങളിലുള്ള വിവിധ വിശ്വാസങ്ങൾ തമ്മിലുള്ള ഭിന്നതയാണ് മറ്റൊരു ഭീഷണി. പതിനാറോ പതിനേഴോ പ്രധാന ഭാഷകളും ഒട്ടേറെ മതങ്ങളും ഉള്ള രാജ്യത്ത് അവയ്ക്ക് വളരാൻ വേണ്ട ഇടം നൽകേണ്ടത് അത്യാവശ്യമാണ്’–രാഹുൽ ഗാന്ധി പറഞ്ഞു. ആർഎസ്എസിന്റെയും ബിജെപിയുടെയും ആശയങ്ങൾ ഭീരുത്വമാണെന്നും രാഹുൽ ആരോപിച്ചു. ‘ആർഎസ്എസിന്റെയും ബിജെപിയുടെയും സ്വഭാവം അതാണ്. വിദേശകാര്യ മന്ത്രിയുടെ പ്രസ്താവന ശ്രദ്ധിച്ചാൽ, അദ്ദേഹം പറയുന്നത്, ചൈന നമ്മളേക്കാൾ ശക്തരാണെന്നും അവരോട് നമ്മളെങ്ങനെയാണ് തർക്കിക്കുക എന്നുമാണ്. അവരുടെ ആശയങ്ങളുടെ ഹൃദയത്തിലുള്ളത് ഭീരുത്വമാണ്’– രാഹുൽ കൂട്ടിച്ചേർത്തു. Activate your premium subscription today. © Copyright 2025 Manoramaonline. All rights reserved. ",REAL
"അക്ഷര മധുരം നുകർന്ന് കുഞ്ഞുങ്ങൾ, ഇന്ത്യ–ചൈന ബന്ധം സാധാരണ നിലയിലേക്കെന്ന് സൂചന– പ്രധാന വാർത്തകൾ","Activate your premium subscription today    ഓൺലൈൻ ഡെസ്ക് Published: October 02, 2025 07:49 PM IST 1 minuteRead Link Copied വിജയദശമി ദിനത്തിൽ കുഞ്ഞുങ്ങൾ അറിവിന്റെ ആദ്യാക്ഷരം നുകരാനെത്തിയതാണ് ഇന്നത്തെ മുഖ്യ വാർത്ത. ഇന്ത്യ–ചൈന ബന്ധം സാധാരണ നിലയിലേക്കെന്നു സൂചന നൽകി ഇരുരാജ്യങ്ങളും തമ്മിൽ നേരിട്ടുള്ള വിമാനസർവീസുകൾ പുനഃസ്ഥാപിക്കാൻ ധാരണയായതും ഇന്ന് വലിയ വാർത്താ പ്രാധാന്യം നേടി. പാക്ക് അധിനിവേശ കശ്മീരിൽ സംഘർഷം തുടരുന്നതും മുഖ്യവാർത്തകളിലൊന്നായി. വായിക്കാം ഇന്നത്തെ മറ്റു പ്രധാന വാർത്തകളും. വിജയദശമി ദിനത്തിൽ മലയാള മനോരമ ഒരുക്കിയ വിദ്യാരംഭത്തിൽ അക്ഷരമധുരം നുകർന്ന് കുരുന്നുകൾ.കേരളത്തിലെ 11 യൂണിറ്റുകളിലും കേരളത്തിനു പുറത്ത് ഡൽഹി, മുംബൈ, ബെംഗളൂരു, ചെന്നൈ, ദുബായ് എന്നിവിടങ്ങളിലുമായിരുന്നു വിദ്യാരംഭച്ചടങ്ങ്. സാഹിത്യ, സാമൂഹിക, സാംസ്കാരിക, വിദ്യാഭ്യാസ മേഖലകളിൽ വ്യക്തിമുദ്ര പതിപ്പിച്ച വ്യക്തിത്വങ്ങളാണ് കുഞ്ഞുങ്ങളെ അക്ഷരമെഴുതിച്ചത്. യൂണിറ്റുകളിൽ രാവിലെ ആറരയോടെ തുടങ്ങിയ വിദ്യാരംഭത്തിൽ നിരവധി കുരുന്നുകളാണ് ഹരിശ്രീ കുറിച്ചത്. സമ്മാനങ്ങളും ഫോട്ടോ പതിച്ച സർട്ടിഫിക്കറ്റുകളും വാങ്ങി അവർ സന്തോഷത്തോടെ മടങ്ങി. ഇന്ത്യ–പാക് അതിർത്തി മേഖലയായ ഗുജറാത്തിലെ സർ ക്രീക്ക് കേന്ദ്രീകരിച്ച് സൈനികവിന്യാസം നടത്തുന്ന പാക്കിസ്ഥാന് കടുത്ത മുന്നറിയിപ്പുമായി പ്രതിരോധ മന്ത്രി രാജ്നാഥ് സിങ്.പാക്കിസ്ഥാന്റെ ഭാഗത്തുനിന്നുണ്ടാകുന്ന ഏതൊരു തെറ്റായ നീക്കത്തിനും കനത്ത വിലനൽകേണ്ടിവരുമെന്ന് അദ്ദേഹം പറഞ്ഞു. സർ ക്രീക്ക് മേഖലയിലെ ലക്കി നാല സൈനിക കേന്ദ്രത്തിൽ വിജയദശമി ദിനത്തിൽ ജവാന്മാരെ അഭിസംബോധന ചെയ്തു സംസാരിക്കുകയായിരുന്നു അദ്ദേഹം. ഇന്ത്യ–ചൈന ബന്ധം സാധാരണ നിലയിലേക്കെന്നു സൂചന നൽകി ഇരുരാജ്യങ്ങളും തമ്മിൽ നേരിട്ടുള്ള വിമാനസർവീസുകൾ പുനഃസ്ഥാപിക്കാൻ ധാരണ.ഒക്ടോബർ അവസാനത്തോടെ സർവീസുകൾ പുനഃസ്ഥാപിക്കും. 2020ൽ കോവിഡ് കാലത്താണ് ഇന്ത്യയും ചൈനയും തമ്മിൽ നേരിട്ടുള്ള വിമാന സർവീസുകൾ നിർത്തലാക്കിയത്. പിന്നീട് ഗൽവാൻ താഴ്‌വരയിലെ സംഘർഷത്തെത്തുടർന്ന് സ്ഥിതിഗതികൾ കൂടുതൽ വഷളാകുകയായിരുന്നു. മൂന്നാം ദിവസവും കെട്ടടങ്ങാതെ പാക്ക് അധിനിവേശ കശ്മീരിൽ സംഘർഷം തുടരുന്നു.പാക്കിസ്ഥാൻ സർക്കാരിനെതിരെ നടക്കുന്ന പ്രതിഷേധങ്ങൾക്കു പിന്നാലെ സുരക്ഷാ സേന നടത്തിയ വെടിവയ്പ്പിൽ ഇതുവരെ പന്ത്രണ്ടു സാധാരണക്കാരും മൂന്നു പൊലീസുകാരും കൊല്ലപ്പെട്ടു. 200ലേറെ പേർക്ക് പരുക്കേറ്റിട്ടുണ്ട്. ശബരിമല സ്വര്‍ണപ്പാളി വിവാദത്തില്‍ ദേവസ്വം വിജിലന്‍സ് അന്വേഷണം ശക്തമാക്കുന്നതിനിടെ പ്രതികരണവുമായി സ്‌പോണ്‍സര്‍ ഉണ്ണികൃഷ്ണന്‍ പോറ്റി.സത്യം പുറത്തുവരേണ്ടത് തന്റെ ആവശ്യമാണെന്നും പറയാനുള്ളതെല്ലാം കോടതിയില്‍ പറയുമെന്നും ഉണ്ണികൃഷ്ണന്‍ പോറ്റി വ്യക്തമാക്കി. ഇതുമായി ബന്ധപ്പെട്ട കേസ് ഹൈക്കോടതിയുടെ പരിഗണനയിലാണ്. കോടതി ആവശ്യപ്പെടുന്ന രേഖകള്‍ നല്‍കും. Activate your premium subscription today. © Copyright 2025 Manoramaonline. All rights reserved. ",REAL
മന്ത്രിയുടെ പിടിവാശി; ആനയറയിലെ കെഎസ്ആര്‍ടിസി കേന്ദ്രത്തില്‍ പൊടിയടിച്ചു കിടക്കുന്നത് കോടിക്കണക്കിനു രൂപയുടെ വാഹനങ്ങൾ,"Activate your premium subscription today    ഓൺലൈൻ പ്രതിനിധി Published: October 02, 2025 07:48 PM IST 1 minuteRead Link Copied തിരുവനന്തപുരം∙ പരിപാടിക്ക് കാഴ്ചക്കാരില്ലാത്തതിന്റെ പേരില്‍ മന്ത്രി ദേഷ്യപ്പെട്ടതോടെ ആനയറയിലെകെഎസ്ആര്‍ടിസിസ്വിഫ്റ്റ് കേന്ദ്രത്തില്‍ പൊടിയടിച്ചു കിടക്കുന്നത് ഏറെ നാളത്തെ കാത്തിരിപ്പിനു ശേഷം മോട്ടര്‍ വാഹന വകുപ്പിനു ലഭിച്ച കോടിക്കണക്കിനു രൂപ വിലവരുന്ന വാഹനങ്ങള്‍. വര്‍ഷങ്ങളായി വകുപ്പില്‍ എന്‍ഫോഴ്‌സ്‌മെന്റിന് വാഹനങ്ങള്‍ ആവശ്യത്തിന് ഇല്ലെന്ന് ചൂണ്ടിക്കാട്ടി റോഡ് സുരക്ഷാ അതോറിറ്റിയുടെ ഫണ്ട് ഉപയോഗിച്ചു വാങ്ങിയ വാഹനങ്ങളാണ് മന്ത്രിയുടെ പിടിവാശിയില്‍ കുടുങ്ങി വെറുതേ കിടക്കുന്നത്. മന്ത്രിയുടെ നടപടിക്കെതിരെ വകുപ്പില്‍ വലിയ പ്രതിഷേധമാണുയരുന്നത്. തിരഞ്ഞെടുപ്പ് അടുത്തതോടെ മോട്ടര്‍ വാഹനവകുപ്പിനെയും കെഎസ്ആര്‍ടിസിയെയുമൊക്കെ മന്ത്രി വിലകുറഞ്ഞ പ്രചാരണങ്ങള്‍ക്ക് ഉപയോഗിക്കുന്നത് പൊതുസമൂഹത്തില്‍ വകുപ്പുകളുടെ വിലയിടിക്കുമെന്നാണ് ഉദ്യോഗസ്ഥര്‍ അടക്കം പറയുന്നത്. എന്‍ഫോഴ്‌സ്‌മെന്റ് നടപടികള്‍ക്ക് ആവശ്യത്തിന് വാഹനങ്ങള്‍ ഇല്ലാതെ ഉദ്യോഗസ്ഥര്‍ വലയുമ്പോഴാണ് ഇത്രയും വാഹനങ്ങള്‍ കൂട്ടത്തോടെ പിടിച്ചിട്ടിരിക്കുന്നത്. പുതുതായി ലഭിച്ച 52 വാഹനങ്ങളില്‍ 40 എണ്ണമാണ് ഇപ്പോള്‍ വിവിധ ജില്ലകളിലേക്ക് അനുവദിച്ചിരിക്കുന്നത്. ബാക്കി 10 വാഹനങ്ങളുടെ ഫ്‌ളാഗ് ഓഫ് പിന്നീട് സംഘടിപ്പിക്കാനാണ് പദ്ധതി. കഴിഞ്ഞ ദിവസം കനകക്കുന്നിലെ പരിപാടി കാഴ്ചക്കാരില്ലാത്തതിന്റെ പേരില്‍ റദ്ദാക്കിയതോടെ എല്ലാ ജില്ലകളില്‍നിന്നും വാഹനം കൊണ്ടുപോകാന്‍ ഒരിക്കല്‍ കൂടി ഡ്രൈവറും മോട്ടര്‍ വെഹിക്കിള്‍ ഇന്‍സ്‌പെക്ടറും വരേണ്ട അവസ്ഥയാണുള്ളത്. തിങ്കളാഴ്ചയും എല്ലാ ജില്ലകളില്‍നിന്നും ഉദ്യോഗസ്ഥര്‍ എത്തിയിരുന്നു. രാവിലെ എട്ടിനു നിശ്ചയിച്ചിരുന്ന പരിപാടി പിന്നീട് വൈകിട്ടത്തേക്കു മാറ്റി. കാസര്‍കോട് നിന്നുള്‍പ്പെടെ എത്തിയ ഉദ്യോഗസ്ഥര്‍ പുലര്‍ച്ചെ എത്തി വൈകിട്ടു വരെ കാത്തിരുന്നിട്ടാണ് മന്ത്രികോപം മൂലം വെറുംകൈയ്യോടെ മടങ്ങേണ്ടിവന്നത്. ഇനി മന്ത്രിക്ക് സൗകര്യപ്പെടുമ്പോള്‍ വീണ്ടും വരാനുള്ള കാത്തിരിപ്പിലാണ് ഉദ്യോഗസ്ഥര്‍. Activate your premium subscription today. © Copyright 2025 Manoramaonline. All rights reserved. ",REAL
വിമാനസർവീസുകൾ പുനഃസ്ഥാപിക്കാൻ ധാരണ; ഇന്ത്യ–ചൈന ബന്ധം സാധാരണ നിലയിലേക്ക്?,"Activate your premium subscription today    ഓൺലൈൻ ഡെസ്ക് Published: October 02, 2025 07:24 PM IST 1 minuteRead Link Copied ന്യൂഡൽഹി∙ ഇന്ത്യ–ചൈന ബന്ധം സാധാരണ നിലയിലേക്കെന്നു സൂചന നൽകി ഇരുരാജ്യങ്ങളും തമ്മിൽ നേരിട്ടുള്ള വിമാനസർവീസുകൾ പുനഃസ്ഥാപിക്കാൻ ധാരണ. ഒക്ടോബർ അവസാനത്തോടെ സർവീസുകൾ പുനഃസ്ഥാപിക്കും. 2020ൽ കോവിഡ് കാലത്താണ് ഇന്ത്യയുംചൈനയുംതമ്മിൽ നേരിട്ടുള്ള വിമാന സർവീസുകൾ നിർത്തലാക്കിയത്. പിന്നീട് ഗൽവാൻ താഴ്‌വരയിലെ സംഘർഷത്തെത്തുടർന്ന് സ്ഥിതിഗതികൾ കൂടുതൽ വഷളാകുകയായിരുന്നു. വിമാന സർവീസ് പുനഃസ്ഥാപിക്കുന്നതുമായി ബന്ധപ്പെട്ട് ഇരുരാജ്യങ്ങളുടെയും വിദേശകാര്യ, വ്യോമയാന മന്ത്രാലയങ്ങൾ തമ്മിൽ സാങ്കേതികതല ചർച്ചകൾ നടന്നു വരുകയായിരുന്നു. ഈ ചർച്ചകളുടെ ഫലമായി ഒക്ടോബർ അവസാനത്തോടെ നേരിട്ടുള്ള വിമാന സർവീസുകൾ ആരംഭിക്കാൻ ധാരണയായതായി വിദേശകാര്യ മന്ത്രാലയം പ്രസ്താവനയിൽ അറിയിച്ചു. പൗരന്മാർ തമ്മിലുള്ള ബന്ധം മെച്ചപ്പെടുത്തി ഇരുരാജ്യങ്ങളും സാധാരണനിലയിലേക്കെത്തുന്നതിൽ ഇത് വലിയ സംഭാവന വഹിക്കുമെന്നും മന്ത്രാലയം കൂട്ടിച്ചേർത്തു. ഷാങ്ഹായ് ഉച്ചകോടിക്കിടെ പ്രധാനമന്ത്രി നരേന്ദ്ര മോദിയും ചൈനീസ് പ്രസിഡന്റ് ഷി ചിൻപിങ്ങും നടത്തിയ കൂടിക്കാഴ്ചയിലും ഈ വിഷയങ്ങൾ ചർച്ചയായിരുന്നു. Activate your premium subscription today. © Copyright 2025 Manoramaonline. All rights reserved. ",REAL
ആർഎസ്എസ് ശതാബ്ദി ആഘോഷം; വിവിധ കേന്ദ്രങ്ങളിൽ പഥസഞ്ചലനം,"Activate your premium subscription today    ഓൺലൈൻ പ്രതിനിധി Published: October 02, 2025 07:08 PM IST 1 minuteRead Link Copied തിരുവനന്തപുരം∙ ആർഎസ്എസ് ശതാബ്ദിയുടെ തുടക്കം കുറിച്ചുകൊണ്ട് വിജയദശമിയോടനുബന്ധിച്ച് വിവിധ കേന്ദ്രങ്ങളിൽ പഥസഞ്ചലനം നടത്തി.തിരുവനന്തപുരംകോർപ്പറേഷനിൽ 100 സ്ഥലങ്ങളിൽ പഥസഞ്ചലനവും പൊതുപരിപാടികളും നടത്തി. സംഘ പ്രാന്തീയ പ്രചാരക് പ്രമുഖ് ടി.എസ്.അജയൻ, സമ്പർക്ക പ്രമുഖ് സി.സി.ശെൽവൻ, ദേശീയ സേവാഭാരതിയുടെ അഖില ഭാരതീയ കാര്യകർത്താവായ കെ.പത്മകുമാർ, വിഭാഗ് സംഘ ചാലക് പ്രഫ. എം.എസ്. രമേശൻ, പ്രാന്തീയ കാര്യകർത്താവായ എൻ.എസ്.ബാബു, ബാലഗോകുലം സംസ്ഥാന കാര്യദർശി വി.ഹരികുമാർ, ഭാരതീയ വിദ്യാനികേതൻ സംഘടനാ സെക്രട്ടറി ആർ.അനീഷ് തുടങ്ങിയവർ വിവിധ കേന്ദ്രങ്ങളിൽ വിജയദശമി സന്ദേശം നൽകി. കേരളത്തിലെ സംഘപ്രവർത്തനത്തിന്റെ ചരിത്രം വിവരിക്കുന്ന ‘രാഷ്ട്രീയ സ്വയംസേവക സംഘം കേരളത്തിൽ’ എന്ന പുസ്തകത്തിന്റെ ആദ്യഭാഗം പ്രകാശനം ചെയ്തു. ശതാബ്ദി പരിപാടികളുടെ ഭാഗമായി നടക്കുന്ന ‘ഹർ ഘർ സമ്പർക്ക്’ എന്ന പരിപാടിക്ക് ഒക്ടോബർ അഞ്ചിന് തുടക്കം കുറിക്കും. കോഴിക്കോട് ആഴ്ചവട്ടം ഹിന്ദുസേവാസമിതി പരിസരത്തുനിന്ന് ആരംഭിച്ച പഥസഞ്ചലനം ചാലപ്പുറം, തളി വഴി വെളിയഞ്ചേരി എൻഎസ്എസ് സ്കൂളിൽ സമാപിച്ചു. 38 ഉപനഗര കേന്ദ്രങ്ങളിലാണ് പരിപാടി. സംസ്ഥാനത്താകെ 1423 കേന്ദ്രങ്ങളിലാണ് പഥസഞ്ചലനം നടക്കുന്നത്. Activate your premium subscription today. © Copyright 2025 Manoramaonline. All rights reserved. ",REAL
ഇന്ത്യയിലേക്ക് കടത്തിയ ആയിരത്തോളം വാഹനങ്ങൾ എവിടെ നിന്ന് എത്തിച്ചു; ഭൂട്ടാൻ വഴി കടത്തിയത് എത്ര? കസ്റ്റംസിന് മുന്നിലുള്ളത് വലിയ പ്രതിബന്ധങ്ങൾ,"Activate your premium subscription today    ഓൺലൈൻ പ്രതിനിധി Published: October 02, 2025 07:00 PM IST 1 minuteRead Link Copied കൊച്ചി∙ വാഹനക്കടത്തുമായി ബന്ധപ്പെട്ടുള്ള അന്വേഷണത്തിൽ ഭൂട്ടാൻ സർക്കാരിന്റെ സഹായം തേടുമ്പോഴും കസ്റ്റംസിനു മുന്നിലുള്ളത് വലിയ പ്രതിബന്ധങ്ങൾ. അതിലേറ്റവും മുഖ്യം ഇന്ത്യയിലെ വിവിധ സംസ്ഥാനങ്ങളിലേക്കു കടത്തിയ ആയിരത്തോളം വാഹനങ്ങൾ എവിടെ നിന്ന്, എങ്ങനെ എത്തിച്ചു എന്നതാണ്. അതിൽഭൂട്ടാൻവഴി കടത്തിയ വാഹനങ്ങൾ എത്രയുണ്ടെന്ന് അറിയേണ്ടതും പ്രധാനമാണ്. അന്വേഷണം വിപുലപ്പെടുത്തിയാൽ ഭൂട്ടാനു പുറമെ ഒട്ടേറെ രാജ്യങ്ങളിൽ നിന്നുള്ള വിവരങ്ങളും തേടേണ്ടി വരുമെന്നു ചുരുക്കം. ഭൂട്ടാൻ സൈന്യം ഉപയോഗിച്ച ശേഷം ആക്രിയായി വിൽക്കുന്ന വാഹനങ്ങൾ ചെറിയ വില കൊടുത്ത് വാങ്ങി ഇന്ത്യയിലേക്ക് കടത്തി റജിസ്ട്രേഷൻ നടത്തി വൻ വിലയ്ക്ക് വിൽക്കുന്നു എന്ന വിവരമാണ് ഇതുവരെ പുറത്തുവന്നത്. പർവതമേഖലകളിൽ പട്രോളിങ്ങിനും മറ്റും ഉപയോഗിക്കുന്ന വാഹനങ്ങളാണ് ഭൂട്ടാൻ ആർമി മൂന്നോ നാലോ വർഷം കഴിയുമ്പോൾ ഉപേക്ഷിക്കുന്നത്. എന്നാൽ കഴിഞ്ഞ 13 വർഷത്തിനിടെ ഭൂട്ടാൻ സൈന്യം ഇത്തരത്തിൽ ലേലം ചെയ്തിട്ടുള്ളത് വെറും 117 വാഹനങ്ങൾ മാത്രമമാണെന്ന് അറിയുമ്പോഴാണ് തട്ടിപ്പിന്റെ വ്യാപ്തി മനസിലാവുക. അതായത്, ഭൂട്ടാൻ സൈന്യത്തിന്റേത് എന്ന പേരിൽ ഹിമാചൽ പ്രദേശ്, അരുണാചൽ പ്രദേശ് തുടങ്ങിയ സംസ്ഥാനങ്ങളുടെ റജിസ്ട്രേഷനോടെ വിറ്റഴിച്ച വാഹനങ്ങൾ ഭൂരിഭാഗവും മറ്റു രാജ്യങ്ങളിൽനിന്ന് ഭൂട്ടാൻ വഴിയോ അല്ലെങ്കിൽ, ഇന്ത്യൻ തുറമുഖങ്ങൾ വഴിയോ എത്തിച്ചതായിരിക്കാം എന്നാണ് വിവരം. കേരളത്തിൽ മാത്രം 200ഓളം ആഡംബര വാഹനങ്ങൾ ഇത്തരത്തിൽ എത്തിയുണ്ട് എന്നാണ് കസ്റ്റംസ് പറയുന്നത്. അതിൽ 39 എണ്ണം മാത്രമാണ് ഇതുവരെ കണ്ടെടുക്കാനായതും. ജപ്പാൻ, കൊറിയ തുടങ്ങിയ രാജ്യങ്ങളിൽ നിന്ന് പഴക്കം ചെന്ന പ്രീമിയം കാറുകൾ ഇത്തരത്തിൽ ഭൂട്ടാനിലേക്കോ നേരിട്ട് ഇന്ത്യയിലേക്കോ എത്തിച്ചിരിക്കാം എന്നതാണ് ഒരു നിഗമനം. സിംഗപ്പൂർ, തായ്‍ലൻഡ് തുടങ്ങിയ രാജ്യങ്ങൾ വഴിയും ഇത്തരത്തിൽ വാഹനങ്ങൾ എത്തിച്ചിരിക്കാൻ സാധ്യതയുണ്ട്. 2016–17ൽ യുകെയിൽ നിന്ന് മോഷണം പോയ 30 ആഡംബര വാഹനങ്ങൾ തായ്‍ലൻഡിലെ ബാങ്കോക്കിൽ കണ്ടെത്തിയത് ലോകം മുഴുവൻ ശ്രദ്ധിക്കപ്പെട്ട വാർത്തയായിരുന്നു. കഴിഞ്ഞ വര്‍ഷമാണ് ഇത് യുകെയിലേക്ക് തിരികെ എത്തിച്ചത്. യുകെയിൽ നിന്ന് മോഷ്ടിച്ചതോ മറ്റു മാർഗങ്ങളിലൂടെ കരസ്ഥമാക്കുകയോ ചെയ്ത വാഹനങ്ങൾ വ്യാജരേഖകൾ ഉപയോഗിച്ച് വിമാനമാർഗം സിംഗപ്പൂരിലും കപ്പൽ മാർഗം ബാങ്കോക്കിലും എത്തിക്കുകയായിരുന്നു. ഒരു പക്ഷേ ഇത്തരത്തിൽ കൊറിയ, ജപ്പാൻ, യൂറോപ്യൻ രാജ്യങ്ങള്‍ എന്നിവിടങ്ങളിൽ നിന്ന് മോഷണം പോവുകയോ പഴക്കം ചെന്ന് ആക്രിവിലയ്ക്ക് വിൽക്കുകയോ ചെയ്യുന്ന വാഹനങ്ങളായിരിക്കാം കടൽ കടന്ന് ഇന്ത്യയിലേക്ക് എത്തുന്നത്. പ്രീമിയം കാറുകൾ ഏറ്റവും കൂടുതല്‍ മോഷണം പോകുന്ന രാജ്യങ്ങളിലൊന്നാണ് ജപ്പാന്‍. ഇന്ത്യയിലെ സെക്കൻഡ് ഹാൻഡ് വാഹന വിപണിയിൽ ഏറ്റവും ജനപ്രിയ ബ്രാൻഡായ ടൊയോട്ട ലാൻഡ് ക്രൂസർ കാറുകൾ 765 എണ്ണമാണ് ഈ വർഷം ഇതുവരെ ജപ്പാനിൽ നിന്നു മോഷണം പോയത്. വാഹനക്കടത്തുമായി ബന്ധപ്പെട്ട് കസ്റ്റംസിന്റെ പക്കലുള്ള പട്ടികയിൽ വലിയൊരു സംഖ്യ ലാൻഡ് ക്രൂസറാണ്. മലയാളികൾക്കും ഇന്ത്യക്കാർക്കു പൊതുവേയും ഈ വാഹനത്തോടുള്ള ഭ്രമം വാഹനക്കടത്തുകാർ മുതലെടുക്കുകയും ചെയ്തിട്ടുണ്ട്.  2024ൽ 688, 2023ൽ 383 ലാൻഡ് ക്രൂസറുകളാണ് ജപ്പാനിൽ മോഷണം പോയത്. ഇന്ത്യൻ നിരത്തുകളിലോടുന്ന പല ആഡംബര വാഹനങ്ങളുടെയും ചരിത്രം ചികഞ്ഞാൽ ചിലപ്പോൾ ഈ രാജ്യങ്ങളിലാവും എത്തുക. Activate your premium subscription today. © Copyright 2025 Manoramaonline. All rights reserved. ",REAL
മൂവാറ്റുപുഴയാറിൽ കുളിക്കാനിറങ്ങിയ യുവാവ് മുങ്ങിമരിച്ചു; കാണാതായ സുഹൃത്തിനായി തിരച്ചിൽ,"Activate your premium subscription today    മനോരമ ലേഖകൻ Published: October 02, 2025 06:23 PM ISTUpdated: October 02, 2025 07:06 PM IST 1 minuteRead Link Copied കൊച്ചി∙ പിറവത്ത് മൂവാറ്റുപുഴയാറിൽ കുളിക്കാനിറങ്ങിയ സുഹൃത്തുക്കളിൽ ഒരാൾ മുങ്ങിമരിച്ചു. കാണാതായ ഒരാൾക്കായി തിരച്ചിൽ തുടരുകയാണ്. ചോറ്റാനിക്കര എരുവേലി സ്വദേശി ആൽബിൻ ഏലിയാസ് (23) ആണു മരിച്ചത്. കാണാതായ മാനന്തവാടി സ്വദേശി അർജുനായി (23) നാട്ടുകാരും അഗ്നിരക്ഷാ സേനയും ചേർന്നാണു തിരച്ചിൽ തുടരുന്നത്. ഇന്നു മൂന്നു മണിയോടെയാണു സംഭവം. പിറവത്തിനടുത്ത് രാമമംഗലം അപ്പാട്ടുകടവിൽ കുളിക്കാന്‍ എത്തിയതായിരുന്നു ആൽബിനും അര്‍ജുനും മറ്റൊരു സുഹൃത്തായ ഫോർട്ടു കൊച്ചി സ്വദേശിയും. ആൽബിനും അർജുനും കുളിക്കാനിറങ്ങിയപ്പോൾ ഒഴുക്കിൽ‍പ്പെടുകയായിരുന്നു എന്നാണ് വിവരം. ഇവർക്ക് നീന്തൽ അറിയില്ലായിരുന്നു എന്നും വിവരമുണ്ട്. നിലവിളി കേട്ട് ഓടിയെത്തിയ നാട്ടുകാർ ഒഴുക്കിൽപ്പെട്ടവരെ രക്ഷിക്കാൻ ശ്രമിച്ചെങ്കിലും സാധിച്ചില്ല. അഗ്നിരക്ഷാസേന കൂടി എത്തി നടത്തിയ തിരച്ചിലിൽ മുങ്ങിയ സ്ഥലത്തിന് അടുത്തു തന്നെ ആൽബിന്റെ മൃതദേഹം കണ്ടെത്തുകയായിരുന്നു. മൂവാറ്റുപുഴയിലെ സ്വകാര്യ വിദ്യാഭ്യാസ സ്ഥാപനത്തിൽ നിന്ന് ഏതാനും ദിവസം മുമ്പാണ് മൂവരും ബിടെക് കോഴ്സ് പഠിച്ചിറങ്ങിയത്. രാമമംഗലത്തുള്ള ആൽബിന്റെ ബന്ധുവീട്ടിൽ എത്തിയതായിരുന്നു മൂവരും എന്നാണ് വിവരം. പിന്നാലെയാണ് ദുരന്തത്തിൽപ്പെടുന്നത്. ഇവിടെ മുമ്പും ആളുകൾ ഒഴുക്കിൽപ്പെട്ട സംഭവങ്ങൾ ഉണ്ടായിട്ടുണ്ട്. പരിചയമില്ലാത്തവർ ഇറങ്ങുന്നത് അപകടകരമാണെന്നും പുഴയിൽ അത്യാവശ്യം ഒഴുക്കുണ്ടെന്നും നാട്ടുകാർ പറഞ്ഞു. Activate your premium subscription today. © Copyright 2025 Manoramaonline. All rights reserved. ",REAL
"ആൾക്കൂട്ടത്തിലേക്ക് കാറോടിച്ചു കയറ്റി, ദേവാലയത്തിനു മുന്നിൽ ഭീകരാക്രമണം; മാ‍ഞ്ചസ്റ്ററിൽ 2 മരണം, അക്രമിയെ പൊലീസ് വെടിവച്ച് കൊന്നു","Activate your premium subscription today    ഓൺലൈൻ ഡെസ്ക് Published: October 02, 2025 06:22 PM ISTUpdated: October 02, 2025 10:38 PM IST 1 minuteRead Link Copied മാഞ്ചസ്റ്റർ∙ യുകെയിലെ മാ‍ഞ്ചസ്റ്ററിൽ ജൂത ദേവാലയത്തിനു മുന്നിലുണ്ടായ ഭീകരാക്രമണത്തിൽ രണ്ടുപേർകൊല്ലപ്പെട്ടു. മറ്റു മൂന്നുപേർക്ക് ഗുരുതരമായി പരുക്കേറ്റു. വടക്കൻ മാഞ്ചസ്റ്ററിലെ ക്രംപ്സലിലുള്ള ഹീറ്റൻ പാർക്ക് ഹീബ്രു സിനഗോഗിനു പുറത്താണ് ആക്രമണമുണ്ടായത്. ജൂതരുടെ വിശേഷ ദിനമായ യോം കിപ്പൂരില്‍ രാവിലെ ഒമ്പതരയോടെയായിരുന്നു ആക്രമണം. ആൾക്കൂട്ടത്തിനു നേരെ കാറോടിച്ചു കയറ്റിയ അക്രമി തുടർന്ന് ദേവാലയത്തിനു പുറത്തുണ്ടായിരുന്നവരെ കത്തി ഉപയോഗിച്ച് കുത്തുകയായിരുന്നു. അക്രമിയെ പിന്നീട് പൊലീസ് വെടിവച്ചു കൊന്നു. ആക്രമണം നടക്കുമ്പോൾ ഒട്ടേറെപ്പേർ സിനഗോഗിനുള്ളിൽ ഉണ്ടായിരുന്നു. ഇവരെ സിനഗോഗിനുള്ളിൽ തന്നെ സുരക്ഷിതരായി നിർത്തുകയും സമീപപ്രദേശങ്ങൾ ഉടനടി ഒഴിപ്പിക്കുകയും ചെയ്തെന്ന് ഗ്രേറ്റർ മാഞ്ചസ്റ്റർപൊലീസ്പറഞ്ഞു. ആക്രമണത്തെ യുകെ പ്രധാനമന്ത്രി കിയ സ്റ്റാമെർ അപലപിച്ചു. ജൂതരുടെ വിശുദ്ധ ദിനമായ യോം കിപ്പൂരിലാണ് ഇതുണ്ടായത് എന്നത് ആക്രമണത്തെ കൂടുതൽ പൈശാചികമാക്കുന്നുവെന്ന് സ്റ്റാമെർ പറഞ്ഞു. ആക്രമണത്തിന്റെ പശ്ചാത്തലത്തിൽ ഡെന്മാർക്കിലെ ഉച്ചകോടി നേരത്തെ അവസാനിപ്പിച്ച് സ്റ്റാമെർ ലണ്ടനിലേക്ക് തിരിച്ചു. വിഷയത്തിൽ ഉടൻ അടിയന്തര യോഗവും ചേരും. Activate your premium subscription today. © Copyright 2025 Manoramaonline. All rights reserved. ",REAL
യുപി ബറെയ്​ലിയിൽ സംഘർഷാവസ്ഥ; രണ്ട് ദിവസത്തേക്ക് ഇന്റർനെറ്റ് നിരോധിച്ചു,"Activate your premium subscription today    ഓൺലൈൻ ഡെസ്ക് Published: October 02, 2025 05:41 PM IST 1 minuteRead Link Copied ലഖ്നൗ∙യുപിയിലെബറെയ്​ലിയിൽ ഇരുവിഭാഗങ്ങൾക്കിടയിൽ സംഘർഷാവസ്ഥ നിലനിൽക്കുന്നതിനാൽ 48 മണിക്കൂർ ഇന്റർനെറ്റിന് നിരോധനമേർപ്പെടുത്തി. ശനിയാഴ്ച വൈകിട്ട് മൂന്നുവരെയാണ് നിരോധനം. ‘ഐ ലവ് മുഹമ്മദ്’ പോസ്റ്റർ കാമ്പയിനിന്റെയും ദസറ, ദുർഗാപൂജ ആഘോഷങ്ങളുടെയും സാഹചര്യത്തിലാണ് സംഘർഷാവസ്ഥ. ഘോഷയാത്രകൾ നടക്കുന്നതിനാൽ കടുത്ത ജാഗ്രത വേണമെന്ന്പൊലീസിനോട്നിർദേശിച്ചിരിക്കുകയാണ്. ഫെയ്സ്ബുക്, യൂട്യൂബ്, വാട്സാപ്പ് തുടങ്ങിയസമൂഹമാധ്യമങ്ങൾവർഗീയ വികാരം ഇളക്കിവിടാനുള്ള വ്യാജപ്രചാരണങ്ങൾക്ക് ഉപയോഗിക്കുന്നുവെന്ന് ഇന്റർനെറ്റ് നിരോധിച്ചുകൊണ്ട് ജില്ലാ ഭരണകൂടം ഇറക്കിയ ഉത്തരവിൽ പറയുന്നു. സംഘർഷ സാധ്യതാ പ്രദേശങ്ങളിൽ ലോക്കൽ പൊലീസിനു പുറമേ സായുധ പൊലീസ്, റാപ്പിഡ് ആക്‌ഷൻ ഫോഴ്സ് എന്നിവയെ നിയോഗിച്ചിട്ടുണ്ട്. ഡ്രോൺ നിരീക്ഷണവും ഏർപ്പെടുത്തി. നേരത്തേ, നബിദിനാഘോഷങ്ങളുടെ ഭാഗമായി വിവിധയിടങ്ങളിൽ ‘ഐ ലവ് മുഹമ്മദ്’ ബാനർ ഉയർത്തിയതിനു പിന്നാലെയാണ് സംഘർഷാവസ്ഥയുണ്ടായത്. ബാനറിനെതിരെ ഹിന്ദുത്വ പ്രവർത്തകർ രംഗത്തെത്തുകയായിരുന്നു. ബറെയ്​ലിയിൽ അക്രമസംഭവങ്ങളിൽ ഇതുവരെ 81 പേരെ അറസ്റ്റു ചെയ്തിട്ടുണ്ട്. പ്രതികളുടെ വീടുകളും കടകളും ഉൾപ്പെടെ പൊളിച്ചുനീക്കിയ സംഭവവുമുണ്ടായിരുന്നു. Activate your premium subscription today. © Copyright 2025 Manoramaonline. All rights reserved. ",REAL
‘കേരളത്തിൽ നിന്ന് പിന്മാറാനുള്ള എയര്‍ ഇന്ത്യയുടെ നടപടി ഉപേക്ഷിക്കണം’: കത്തു നൽകി കെ.സി.വേണുഗോപാല്‍,"Activate your premium subscription today    ഓൺലൈൻ പ്രതിനിധി Published: October 02, 2025 05:34 PM IST 1 minuteRead Link Copied തിരുവനന്തപുരം∙ കേരളത്തിലെ വിമാനത്താവളങ്ങളില്‍ നിന്നുള്ള വിദേശ, ആഭ്യന്തര സര്‍വീസുകള്‍ കൂട്ടത്തോടെ ഒഴിവാക്കാനുള്ള എയര്‍ ഇന്ത്യയുടെ നടപടി ഉപേക്ഷിക്കാന്‍ നിർദേശം നല്‍കണമെന്നും വിമാനസര്‍വീസുകള്‍ നിലനിര്‍ത്താനുള്ള അടിയന്തര ഇടപെടല്‍ ഉണ്ടാകണമെന്നും ആവശ്യപ്പെട്ട് എഐസിസി ജനറല്‍ സെക്രട്ടറികെ.സി.വേണുഗോപാല്‍എംപി വ്യോമയാന മന്ത്രിക്ക് കത്തുനല്‍കി. കേരളത്തില്‍ നിന്നുള്ള സര്‍വീസ് എയര്‍ ഇന്ത്യ ഗണ്യമായി കുറവുവരുത്തിയാല്‍ ഗള്‍ഫില്‍ നിന്ന് കുറഞ്ഞ ചെലവില്‍ നാട്ടിലെത്താനുള്ള സൗകര്യമാണ് ഇല്ലാതാകുന്നതെന്ന് കെ.സി.വേണുഗോപാല്‍ ചൂണ്ടിക്കാട്ടി. എയര്‍ ഇന്ത്യാ എക്സ്പ്രസിന്റെ പിന്‍മാറ്റത്തോടെ മറ്റു വിമാനകമ്പനികള്‍ നിരക്ക് ഉയര്‍ത്തി യാത്രക്കാരെ ചൂഷണം ചെയ്യാന്‍ സാധ്യതയുണ്ട്. ഇത് പ്രവാസികള്‍ക്ക് വലിയ സാമ്പത്തിക ബാധ്യതയുണ്ടാക്കും. ഉത്സവകാലങ്ങളിലും പ്രധാന അവധി ദിനങ്ങളിലും നിലവില്‍ ഉയര്‍ന്ന നിരക്കാണ് വിമാനക്കമ്പനികള്‍ ഈടാക്കുന്നത്. എയര്‍ ഇന്ത്യയുടെ ഈ നടപടി കൂടി പ്രാബല്യത്തില്‍ വന്നാല്‍ കാര്യങ്ങള്‍ കൂടുതല്‍ വഷളാകും – അദ്ദേഹം പറഞ്ഞു. ഈ മാസം 26 മുതല്‍ ബഹ്‌റൈന്‍, അബുദാബി ഉള്‍പ്പെടെയുള്ള പ്രധാന ഗള്‍ഫ് വിമാനത്താവളങ്ങളിലേക്കുള്ള എയര്‍ ഇന്ത്യ എക്സ്പ്രസ് സര്‍വീസുകള്‍ റദ്ദാക്കുന്നതായാണ് അറിയാന്‍ കഴിഞ്ഞതെന്ന് എംപി പറഞ്ഞു. ഗള്‍ഫ് മേഖലയില്‍ തുച്ഛവരുമാനത്തില്‍ ജോലി ചെയ്യുന്നുവരാണ് പ്രവാസികളിലേറെയും. അവര്‍ ആശ്രയിക്കുന്ന സര്‍വീസുകളാണ് എയര്‍ ഇന്ത്യ ഒഴിവാക്കുന്നവയില്‍ ഏറെയും. ഇത് കടുത്ത ആശങ്ക ഉണ്ടാക്കുന്നതാണ്. പ്രവാസികളുടെ യാത്രാ ദുരിതവും വിമാനക്കമ്പനികളുടെ അമിത ടിക്കറ്റ് നിരക്കും നിരവധി തവണ വ്യോമയാന മന്ത്രാലയത്തിന്റെ ശ്രദ്ധയില്‍പ്പെടുത്തിയതാണ്. ഇക്കാര്യത്തിൽ കാര്യമായ ഇടപെടല്‍ ഉണ്ടാകാത്തത് നിരാശാജനകമാണെന്നും വേണുഗോപാല്‍ കുറ്റപ്പെടുത്തി. ഗള്‍ഫ് റൂട്ടുകളില്‍ കേരളത്തിലേക്ക് കൂടുതല്‍ സര്‍വീസുകള്‍ നടത്താനും അനാവശ്യ നിരക്ക് വര്‍ധനവ് തടയാനും കേന്ദ്ര സര്‍ക്കാരിന്റെ അടിയന്തര ഇടപെടല്‍ വേണമെന്നും കെസി വേണുഗോപാല്‍ കത്തിൽ ആവശ്യപ്പെട്ടു. Activate your premium subscription today. © Copyright 2025 Manoramaonline. All rights reserved. ",REAL
"‘സത്യം പുറത്തുവരേണ്ടത് എന്റെ ആവശ്യം, പറയാനുള്ളതെല്ലാം കോടതിയില്‍ പറയും’; ഉണ്ണികൃഷ്ണന്‍ പോറ്റി","Activate your premium subscription today    ഓൺലൈൻ പ്രതിനിധി Published: October 02, 2025 05:27 PM ISTUpdated: October 02, 2025 09:49 PM IST 1 minuteRead Link Copied തിരുവനന്തപുരം∙ശബരിമലസ്വര്‍ണപ്പാളി വിവാദത്തില്‍ ദേവസ്വം വിജിലന്‍സ് അന്വേഷണം ശക്തമാക്കുന്നതിനിടെ പ്രതികരണവുമായി സ്‌പോണ്‍സര്‍ ഉണ്ണികൃഷ്ണന്‍ പോറ്റി. സത്യം പുറത്തുവരേണ്ടത് തന്റെ ആവശ്യമാണെന്നും പറയാനുള്ളതെല്ലാം കോടതിയില്‍ പറയുമെന്നും ഉണ്ണികൃഷ്ണന്‍ പോറ്റി വ്യക്തമാക്കി. ഇതുമായി ബന്ധപ്പെട്ട കേസ്ഹൈക്കോടതിയുടെപരിഗണനയിലാണ്. കോടതി ആവശ്യപ്പെടുന്ന രേഖകള്‍ നല്‍കും. ഞാന്‍ തെറ്റുകാരനല്ല. എന്നെ കോടതി ശിക്ഷിച്ചിട്ടില്ല. ഞാന്‍ ചെയ്ത കാര്യങ്ങള്‍ ബോധ്യപ്പെടുത്താന്‍ അവസരം തരണം. എന്റെ ഭാഗം ശരിയോ തെറ്റോ എന്നു കോടതി തീരുമാനിക്കട്ടെ. അന്വേഷണ ഉദ്യോഗസ്ഥര്‍ ആവശ്യപ്പെടുമ്പോള്‍ ഹാജരാകുമെന്നും  ഉണ്ണികൃഷ്ണന്‍ പോറ്റി വിശദീകരിച്ചു. ‘‘ഹൈക്കോടതിയുടെ പരിഗണനയില്‍ ഇരിക്കുന്ന കേസാണിത്. അതില്‍ അഭിപ്രായം പറയുന്നില്ല. രേഖകള്‍ അഭിഭാഷകനും വിജിലന്‍സ് അന്വേഷണ സംഘത്തിനും കൈമാറിയിട്ടുണ്ട്. കോടതി അത് പരിശോധിക്കുമ്പോള്‍ എല്ലാം അറിയാമല്ലോ. പീഠം കാണാതായത് ഉള്‍പ്പെടെ എല്ലാ കാര്യങ്ങളും അന്വേഷണ സംഘത്തോടു വെളിപ്പെടുത്തും. നാലരവര്‍ഷം അത് ആരുടെ കൈയില്‍ ആയിരുന്നു. എന്തുകൊണ്ടാണ് അത് അവിടെ ഇരുന്നത്. അതിനു ശേഷം മടക്കി നല്‍കിയ കാര്യം ഉള്‍പ്പെടെ എല്ലാം അന്വേഷണ സംഘത്തിനു ബോധ്യപ്പെട്ടിട്ടുണ്ട്. എന്നോടു മാത്രം ചോദിച്ചിട്ടു കാര്യമില്ല. സ്വര്‍ണപ്പാളി ഞാന്‍ എടുത്തുകൊണ്ട് പോയതല്ല. ദേവസ്വം വിജിലന്‍സ് അന്വേഷണം നടത്തി ശരിയും തെറ്റും മനസ്സിലാക്കിക്കഴിയുമ്പോള്‍ കൂടുതല്‍ പ്രതികരിക്കും’’– ഉണ്ണികൃഷ്ണന്‍ പറഞ്ഞു. ഉണ്ണികൃഷ്ണനെയും സഹായി വാസുദേവനെയും ദേവസ്വം വിജിലന്‍സ് വീണ്ടും ചോദ്യം ചെയ്യാനിരിക്കെയാണ് അദ്ദേഹം തിരുവനന്തപുരം കാരേറ്റുള്ള വീട്ടില്‍ എത്തിയത്. Activate your premium subscription today. © Copyright 2025 Manoramaonline. All rights reserved. ",REAL
‘ചൈന സോയാബീൻ വാങ്ങുന്നില്ല’; നാലാഴ്ചയ്ക്കുള്ളിൽ ഷി ചിൻപിങ്ങുമായി കൂടിക്കാഴ്ചയെന്നു ട്രംപ്,"Activate your premium subscription today    ഓൺലൈൻ ഡെസ്ക് Published: October 02, 2025 05:16 PM IST 1 minuteRead Link Copied വാഷിങ്ടൻ∙ ചൈനീസ് പ്രസിഡന്റ് ഷി ചിൻപിങ്ങുമായി നാലാഴ്ചയ്ക്കകം കൂടിക്കാഴ്ച നടത്തുമെന്നു യുഎസ് പ്രസിഡന്റ്ഡോണൾഡ് ട്രംപ്. യുഎസിൽ നിന്ന് ചൈനയിലേക്കുള്ള സോയാബീൻ കയറ്റുമതിയാകും പ്രധാന ചർച്ചയാവുകയെന്നും ട്രംപ് ട്രൂത്ത് സോഷ്യലിലെ പോസ്റ്റിൽ പറഞ്ഞു. തീരുവയുദ്ധം പ്രഖ്യാപിച്ചതിനു പിന്നാലെ ആദ്യമായാണ് ട്രംപും ഷീയും കൂടിക്കാഴ്ചയ്ക്ക് ഒരുങ്ങുന്നത്. ചൈന യുഎസിൽ നിന്ന് സോയാബീൻ വാങ്ങുന്നത് നിർത്തിയതിനാൽ കർഷകർ ഏറെ പ്രയാസത്തിലാണെന്നു ട്രംപ് പറഞ്ഞു. വിലപേശലിന്റെ ഭാഗമായാണ് ചൈന സോയാബീൻ വാങ്ങൽ നിർത്തിയത്. അധിക തീരുവയിലൂടെ ലഭിച്ച വരുമാനത്തിൽ ഒരു പങ്ക് പ്രയാസമനുഭവിക്കുന്ന കർഷകരുടെ സഹായത്തിനായി നൽകുമെന്നും ട്രംപ് പറഞ്ഞു. ഈ മാസം അവസാനം ദക്ഷിണ കൊറിയയിൽ നടക്കുന്ന അപെക്ക് (ഏഷ്യ – പസഫിക് സാമ്പത്തിക ഇക്കണോമിക് കോ–ഓപ്പറേഷൻ) യോഗത്തിൽ വച്ച് ഷി ചിൻപിങ്ങുമായി കൂടിക്കാഴ്‌ച നടത്തുമെന്ന് ട്രംപ് നേരത്തേ പറഞ്ഞിരുന്നു. അടുത്ത വർഷം ആദ്യം താൻ ചൈന സന്ദർശിക്കുമെന്നും പിന്നാലെ ഷി ചിൻപിങ് യുഎസ് സന്ദർശിക്കുമെന്നും ട്രംപ് പറഞ്ഞിരുന്നു. യുഎസിന്റെ ഏറ്റവും വലിയ സോയ വിപണികളിലൊന്നാണ് ചൈന. സോയ കയറ്റുമതിയുടെ പകുതിയിലധികവും ചൈനയിലേക്കായിരുന്നു. എന്നാൽ, ട്രംപിന്റെ തീരുവ യുദ്ധത്തിനു പിന്നാലെ ചൈന സോയാബീൻ വാങ്ങൽ നിർത്തി. അവസാന രണ്ടുമാസത്തിനിടെ ചൈന സോയാബീൻ ഇറക്കുമതി ചെയ്തിട്ടേയില്ല. ഇതോടെ, യുഎസ് സോയ കർഷകർ പ്രതിസന്ധിയിലേക്കു നീങ്ങുകയാണ്. Activate your premium subscription today. © Copyright 2025 Manoramaonline. All rights reserved. ",REAL
ഒരു ചെടിച്ചട്ടിക്ക് കൈക്കൂലി 3 രൂപ; സിഐടിയു നേതാവ് കുട്ടമണിയെ കളിമണ്‍പാത്ര നിര്‍മാണ കോര്‍പറേഷന്‍ ചെയര്‍മാന്‍ സ്ഥാനത്തുനിന്ന് നീക്കും,"Activate your premium subscription today    ഓൺലൈൻ പ്രതിനിധി Published: October 02, 2025 05:03 PM IST 1 minuteRead Link Copied തിരുവനന്തപുരം∙ ചെടിച്ചട്ടി വിതരണത്തിന്കൈക്കൂലിവാങ്ങുന്നതിനിടെ വിജിലന്‍സ് അറസ്റ്റു ചെയ്ത സിഐടിയു നേതാവ് കെ.എന്‍.കുട്ടമണിയെ കളിമണ്‍പാത്ര നിര്‍മാണ വിപണന ക്ഷേമ വികസന കോര്‍പറേഷന്‍ ചെയര്‍മാന്‍ സ്ഥാനത്തുനിന്ന് നീക്കും. മന്ത്രിഒ.ആര്‍.കേളുഇതു സംബന്ധിച്ച് അടിയന്തര നിര്‍ദേശം നല്‍കി. കുട്ടമണിയെ വിജിലന്‍സ്  അറസ്റ്റ് ചെയ്തതുമായി ബന്ധപ്പെട്ട വിഷയങ്ങളില്‍ റിപ്പോര്‍ട്ട് സമര്‍പ്പിക്കാന്‍ പട്ടികജാതി വികസന വകുപ്പ് സെക്രട്ടറിയോട് മന്ത്രി ആവശ്യപ്പെട്ടു. കഴിഞ്ഞ ദിവസമാണ് ഒരു ചെടിച്ചട്ടിക്ക് 3 രൂപ വീതം കോഴ ആവശ്യപ്പെട്ട് 10,000 രൂപ കൈപ്പറ്റുന്നതിനിടെ കുട്ടമണിയെ വിജിലന്‍സ് സംഘം തൃശൂരിലെ ഇന്ത്യന്‍ കോഫി ഹൗസില്‍ വച്ച്അറസ്റ്റ് ചെയ്തത്.സിഐടിയു സംസ്ഥാന സമിതി അംഗമായ കുട്ടമണി സംസ്ഥാന കളിമണ്‍പാത്ര നിര്‍മാണത്തൊഴിലാളി യൂണിയന്‍ (സിഐടിയു) ജനറല്‍ സെക്രട്ടറിയായിരുന്നു. വളാഞ്ചേരി നഗരസഭയില്‍ വിതരണം ചെയ്യുന്നതിനായി 3642 ചെടിച്ചട്ടികള്‍ക്ക് കോഴ ആവശ്യപ്പെട്ടതുമായി ബന്ധപ്പെട്ടാണ് അറസ്റ്റ്. കോഴിക്കോട് സ്വദേശിയായ മണ്‍ചട്ടി നിര്‍മാണ യൂണിറ്റ് ഉടമയില്‍ നിന്നാണ് കുട്ടമണി പണം കൈപ്പറ്റിയത്. ആദ്യം 25,000 രൂപയാണ് കുട്ടമണി ആവശ്യപ്പെട്ടത്. നഗരസഭയിലെ വിവിധ സ്ഥലങ്ങളില്‍ വിതരണം ചെയ്യുന്നതിനായി ചെടിച്ചട്ടികള്‍ എത്തിച്ച യൂണിറ്റ് ഉടമയോട്, ഇനി ഓര്‍ഡറുകള്‍ ലഭിക്കണമെങ്കില്‍ 'ഒരു പീസിന് മൂന്ന് രൂപ വച്ച്' കൈക്കൂലി നല്‍കണമെന്ന് കുട്ടമണി ആവശ്യപ്പെടുകയായിരുന്നു. ചെടിച്ചട്ടി നിര്‍മ്മാണ യൂണിറ്റ് ഉടമ പരാതിയുമായി തൃശൂര്‍ വിജിലന്‍സ് ഡിവൈഎസ്പി ജിം പോളിനെ സമീപിച്ചു. പരാതിയുടെ അടിസ്ഥാനത്തില്‍വിജിലന്‍സ്സംഘം രാസമിശ്രിതം പുരട്ടിയ നോട്ടുകള്‍ പരാതിക്കാരന് കൈമാറി. ബുധനാഴ്ച തൃശൂര്‍ വടക്കേ ബസ് സ്റ്റാന്‍ഡിന് സമീപമുള്ള ഇന്ത്യന്‍ കോഫി ഹൗസില്‍ വച്ച് ഈ പണം കൈമാറാന്‍ കുട്ടമണി ആവശ്യപ്പെട്ടു. പരാതിക്കാരന്‍ പണവുമായി എത്തുകയും, കൈക്കൂലി വാങ്ങുന്നതിനിടെ തൊട്ടടുത്ത് നിലയുറപ്പിച്ചിരുന്ന ഡിവൈഎസ്പി ജിം പോളിന്റെ നേതൃത്വത്തിലുള്ള വിജിലന്‍സ് സംഘം കുട്ടമണിയെ കൈയോടെ പിടികൂടുകയുമായിരുന്നു. തുടര്‍നടപടികള്‍ക്കായി വിജിലന്‍സ് കേസ് റജിസ്റ്റര്‍ ചെയ്തിട്ടുണ്ട്. Activate your premium subscription today. © Copyright 2025 Manoramaonline. All rights reserved. ",REAL
മരണക്കിടക്കയിലും മുൻ മന്ത്രിക്ക് വിലങ്ങ്‌; മുഹമ്മദ് യൂനുസ് സർക്കാരിനെതിരെ വ്യാപക വിമർശനം,"Activate your premium subscription today    ഓൺലൈൻ ഡെസ്ക് Published: October 02, 2025 04:50 PM IST 1 minuteRead Link Copied ധാക്ക∙ അവാമി ലീഗിന്റെ മുതിർന്ന നേതാവിനെ മരണക്കിടക്കയിലും വിലങ്ങണിയിച്ചമുഹമ്മദ് യൂനുസ്സർക്കാരിനെതിരെ വ്യാപക വിമർശനം. ഷെയ്ഖ് ഹസീന സർക്കാരിൽ വ്യവസായ മന്ത്രിയായിരുന്ന നൂറുൽ മജീദ് മഹമൂദ് ഹുമയൂണിനെ (75) ആണ് ചികിത്സയിലായിരുന്ന സമയത്തും കൈവിലങ്ങണിയിച്ചത്. 2024ൽ നടന്ന സർക്കാർ വിരുദ്ധ കലാപവുമായി ബന്ധപ്പെട്ട് സെപ്റ്റംബർ 24നാണ് ഹുമയൂണിനെ അറസ്റ്റ് ചെയ്യുന്നത്. തുടർന്ന് ആരോഗ്യം മോശമായതിനെ തുടർന്ന് ധാക്ക മെഡിക്കൽ കോളജ് ആശുപത്രിയിൽ ഐസിയുവിൽ ചികിത്സയിലായിരുന്നു. പിന്നീട് സെപ്റ്റംബർ 29ന് ഹുമയൂൺ മരിച്ചു. എന്നാൽ ആശുപത്രിയിലും ഹുമയൂണിനെ കൈവിലങ്ങണിയിച്ചിരുന്നതിന്റെ ദൃശ്യങ്ങൾ അദ്ദേഹത്തിന്റെ മരണശേഷം സമൂഹമാധ്യമങ്ങളിൽ പ്രചരിച്ചു. ഇതോടെ വലിയ വിമർശനമാണ് മനുഷ്യാവകാശ പ്രവർത്തകരുടെയും നിയമ വിദഗ്ധരുടെയും ഭാഗത്തുനിന്നുണ്ടായത്. ‘മരണക്കിടക്കയിലുള്ള ഒരു വ്യക്തിയെ വിലങ്ങണിയിക്കുന്നത് അത്യന്തം മനുഷ്യത്വരഹിതവും മനുഷ്യാവകാശങ്ങളുടെ നഗ്നമായ ലംഘനവുമാണ്’–മനുഷ്യാവകാശ പ്രവർത്തകൻ നൂർ ഖാൻ ലിട്ടൻ ബംഗ്ലദേശ് മാധ്യമങ്ങളോടു പറഞ്ഞു, സംഭവത്തിൽ വിശദമായ അന്വേഷണം നടത്തണമെന്നും മനുഷ്യാവകാശ പ്രവർത്തകർ ആരോപിച്ചു. ‘75 വയസ്സുള്ള രോഗിയായ ഒരു മനുഷ്യനെ എങ്ങനെയാണ് അപകടകാരിയും ജയിൽചാടാൻ സാധ്യതയുള്ള വ്യക്തിയുമായി കണക്കാക്കാൻ കഴിയുന്നത്’– അഭിഭാഷകനായ അബ്ദു ഒബൈയ്ദുർ റഹ്മാൻ ചോദിച്ചു. അതേസമയം, പ്രചരിക്കുന്ന ദൃശ്യങ്ങൾ ഹുമയൂണിനെ ആശുപത്രിയിൽ പ്രവേശിപ്പിച്ച ആദ്യ ദിവസങ്ങളിൽ ഉള്ളതാണെന്നാണു ബംഗ്ലദേശ് ജയിൽ അധികൃതർ പറയുന്നത്. ‘പ്രചരിക്കുന്ന ചിത്രങ്ങൾ ഹുമയൂൺ ഐസിയുവിൽ ചികിത്സയിലുള്ള കാലയളവിൽ ഉള്ളതല്ല. മരിക്കുന്നതുവരെ ധാക്ക മെഡിക്കൽ കോളജിൽ അദ്ദേഹത്തിന് മികച്ച ചികിത്സ നൽകിയിട്ടുണ്ടെന്നും ജയിൽ അധികൃതർ പറഞ്ഞു. Disclaimer: വാർത്തയു‍ടെ കൂടെയുള്ള ചിത്രം മലയാള മനോരമയുടേതല്ല. ചിത്രം @saddamhussainbd എന്ന എക്സ് അക്കൗണ്ടിൽ നിന്ന് എടുത്തതാണ്. Activate your premium subscription today. © Copyright 2025 Manoramaonline. All rights reserved. ",REAL
"കാലിൽ ആണി കയറി; ആശുപത്രിയിൽ ചികിത്സയ്ക്ക് എത്തിയ വീട്ടമ്മയുടെ കാൽവിരലുകൾ മുറിച്ചുമാറ്റി, പരാതി","Activate your premium subscription today    മനോരമ ലേഖകൻ Published: October 02, 2025 04:15 PM IST 1 minuteRead Link Copied ആലപ്പുഴ∙ മെഡിക്കൽ കോളജ് ആശുപത്രിയിൽ ചികിത്സക്ക് എത്തിയ വീട്ടമ്മയുടെ കാൽവിരലുകൾ സമ്മതമില്ലാതെ മുറിച്ചുമാറ്റിയതായി പരാതി. കുത്തിയതോട് കിഴക്കേ മുഖപ്പിൽ സീനത്തിന്റെ (58) വിരലുകളാണ് തിങ്കൾ ഉച്ചയോടെ മുറിച്ചു നീക്കിയത്. ബന്ധുക്കൾ സൂപ്രണ്ടിനും ഡിഎംഒയ്ക്കും പരാതി നൽകി. കാലിൽ ആണി കയറിയതിനെ തുടർന്നാണു സെപ്റ്റംബർ 29ന് സീനത്ത് മെഡിക്കൽ കോളജിൽ അഡ്മിറ്റായത്. 30 ന് ഡ്രസ്സു ചെയ്യാനെന്നു പറഞ്ഞ് കൊണ്ടുപോയാണ് തള്ളവിരലിനോടു ചേർന്നുള്ള രണ്ടു വിരലുകൾ മുറിച്ചുമാറ്റിയതെന്നു ബന്ധുക്കൾ പറഞ്ഞു. രോഗിയോടോ കൂട്ടിരുപ്പുകാരോടോ ഒന്നും അറിയിക്കാതെയാണു വിരലുകൾ മുറിച്ചതെന്നും ഇവർ പറയുന്നു. Activate your premium subscription today. © Copyright 2025 Manoramaonline. All rights reserved. ",REAL
‘സർ ക്രീക്കിലൂടെ കറാച്ചിയിലേക്ക് വഴിയുണ്ടെന്ന് ഓർക്കണം’; പാക്കിസ്ഥാന് കടുത്ത മുന്നറിയിപ്പുമായി രാജ്നാഥ് സിങ്,"Activate your premium subscription today    ഓൺലൈൻ ഡെസ്ക് Published: October 02, 2025 03:55 PM IST 1 minuteRead Link Copied ഗാന്ധിനഗർ∙ഇന്ത്യ–പാക് അതിർത്തിമേഖലയായ ഗുജറാത്തിലെ സർ ക്രീക്ക് കേന്ദ്രീകരിച്ച് സൈനികവിന്യാസം നടത്തുന്ന പാക്കിസ്ഥാന് കടുത്ത മുന്നറിയിപ്പുമായി പ്രതിരോധ മന്ത്രിരാജ്നാഥ് സിങ്. പാക്കിസ്ഥാന്റെ ഭാഗത്തുനിന്നുണ്ടാകുന്ന ഏതൊരു തെറ്റായ നീക്കത്തിനും കനത്ത വിലനൽകേണ്ടിവരുമെന്ന് അദ്ദേഹം പറഞ്ഞു. സർ ക്രീക്ക് മേഖലയിലെ ലക്കി നാല സൈനിക കേന്ദ്രത്തിൽ വിജയദശമി ദിനത്തിൽ ജവാന്മാരെ അഭിസംബോധന ചെയ്തു സംസാരിക്കുകയായിരുന്നു അദ്ദേഹം. ‘1965ലെ യുദ്ധത്തിൽ ഇന്ത്യൻ സൈന്യം ലഹോറിൽ വരെ എത്തിയത് ഓർമിപ്പിക്കുന്നു. കറാച്ചിയിലേക്കുള്ള റോഡ് സർ ക്രീക്കിലൂടെയാണ് കടന്നുപോകുന്നതെന്ന് ഈ 2025ൽപാക്കിസ്ഥാൻഓർക്കണം. സ്വാതന്ത്ര്യത്തിന് 78 വർഷത്തിനിപ്പുറവും പാക്കിസ്ഥാൻ സർ ക്രീക്കുമായി ബന്ധപ്പെട്ട തർക്കം ഉയർത്തുകയാണ്. പ്രശ്നം ചർച്ചയിലൂടെ പരിഹരിക്കാൻ ഇന്ത്യ നിരവധി തവണ ശ്രമിച്ചതാണ്. എന്നാൽ, പാക്കിസ്ഥാന്റെ ഉദ്ദേശ്യമെന്താണെന്നു വ്യക്തമല്ല. ഇന്നാൽ, ഇപ്പോൾ സർ ക്രീക്കിനു സമീപം പാക് സൈന്യം നടത്തുന്ന പ്രവൃത്തികളിലൂടെ അവരുടെ ഉദ്ദേശ്യം വെളിപ്പെടുകയാണ്’ –രാജ്നാഥ് സിങ് പറഞ്ഞു. ഇന്ത്യൻ സൈന്യവുംബിഎസ്എഫും ചേർന്ന് അതിത്തി മേഖലകൾ ജാഗ്രതയോടെ സംരക്ഷിക്കുകയാണ്. പാക്കിസ്ഥാന്റെ ഭാഗത്തുനിന്നുള്ള ഏതൊരു തെറ്റായ നീക്കത്തിനും ചരിത്രവും ഭൂമിശാസ്ത്രവും മാറ്റുന്ന തരത്തിലുള്ള മറുപടി നൽകും –രാജ്നാഥ് സിങ് പറഞ്ഞു. ഗുജറാത്തിൽ ഇന്ത്യ– പാക്ക് അതിർത്തിയിലെ 96 കിലോമീറ്ററോളം നീണ്ടുകിടക്കുന്ന ചതുപ്പുമേഖലയാണ് സർ ക്രീക്ക്. സർ ക്രീക്കിന് മധ്യത്തിലൂടെയാണ് അതിർത്തിയെന്ന് ഇന്ത്യ വ്യക്തമാക്കുമ്പോൾ, സർ ക്രീക്കിന് കിഴക്കുഭാഗത്തായി ഇന്ത്യൻ പ്രദേശത്താണ് അതിർത്തിയെന്നാണ് പാക്കിസ്ഥാന്റെ വാദം. Activate your premium subscription today. © Copyright 2025 Manoramaonline. All rights reserved. ",REAL
"അർത്തുങ്കൽ ബീച്ചിൽ ക്രിക്കറ്റ് കളിച്ച് ‘പറക്കും ഫീൽഡർ’ ജോണ്ടി റോഡ്സ്– ചിത്രങ്ങൾ, വിഡിയോ","Activate your premium subscription today    മനോരമ ലേഖകൻ Published: October 02, 2025 09:38 PM ISTUpdated: October 02, 2025 10:07 PM IST 1 minuteRead Link Copied അർത്തുങ്കൽ ∙ ക്രിക്കറ്റ് ലോകത്തെ ‘പറക്കും ഫീൽഡർ’ ജോണ്ടി റോഡ്സ് ആലപ്പുഴ അർത്തുങ്കൽ ക്രിക്കറ്റ് ക്ലബിൽ കളിക്കാൻ എത്തിയത് യുവാക്കൾക്ക് കൗതുകമായി. ഇന്ത്യാ സന്ദർശനത്തിന്റെ ഭാഗമായി കായൽ യാത്ര ആസ്വദിക്കുന്നതിനാണ് ഭാര്യ മെലാനി, മക്കളായ ഡാനിയേല, റോസ് എന്നിവർക്കൊപ്പം താരം കിഴക്കിന്റെ വെനീസിലെത്തിയത്. ഇതിനിടെയാണ് താരം അർത്തുങ്കലിൽ താമസിച്ചിരുന്ന റിസോർട്ടിനു സമീപം ക്രിക്കറ്റ് കളിക്കുകയായിരുന്ന യുവാക്കളെ പരിചയപ്പെട്ടത്. നാളെ കളിക്കാൻ തീർച്ചയായും വരുമെന്ന് യുവാക്കൾക്ക് ഉറപ്പുകൊടുത്ത താരം പിറ്റേന്ന് ക്രിക്കറ്റ് കളിക്കാൻ തനി നാടൻ സ്റ്റൈലിൽ സൈക്കിളിൽ അർത്തുങ്കൽ ബീച്ചിൽ കളിക്കാൻ എത്തുകയായിരുന്നു. കായൽ യാത്രയ്ക്കു ശേഷം താരവും കുടുംബവും വൈകിട്ട് ആനകളെ കാണുന്നതിനായി സിപിഐ നേതാവ് ജി.കൃഷ്ണപ്രസാദിന്റെ കലവൂരിലെ വസതിയിലുമെത്തി. മറ്റു വളർത്തുമൃഗങ്ങളെയും പക്ഷികളെയും നേരിൽ കണ്ടു. ഇവിടെ സജ്ജീകരിച്ചിട്ടുള്ള ഗ്ലാസ് ബ്രിജ്, സ്കൈ സൈക്കിൾ എന്നിവയും താരം ആസ്വദിച്ചു. വൈകിട്ടോടെ കൊച്ചിയിലേക്ക് മടങ്ങിയ താരവും കുടുംബവും അടുത്ത ദിവസം ഗോവയിലേക്കു പോകും. A post shared by Manorama News (@manoramanews) Activate your premium subscription today. © Copyright 2025 Manoramaonline. All rights reserved. ",REAL
"കേരളത്തിലേക്ക് വരുന്നുവെന്ന വാർത്തയ്ക്കിടെ ‘മെസ്സി’ ആദ്യാക്ഷരം കുറിച്ചു, കൂട്ടിന് സുരേഷ് റെയ്നയുമെത്തി","Activate your premium subscription today    മനോരമ ലേഖകൻ Published: October 02, 2025 09:44 PM ISTUpdated: October 02, 2025 09:57 PM IST 1 minuteRead Link Copied കോട്ടയം ∙ കേരളത്തിലേക്ക് എത്തുമെന്ന വാർത്തകൾക്കിടയിൽ ‘മെസ്സി’ ആദ്യാക്ഷരം കുറിച്ചു. കൂട്ടിന് സുരേഷ് റെയ്നയുമെത്തി. മാതാപിതാക്കളുടെ കായിക സ്നേഹം പേരിൽ ചാർത്തിയ കുരുന്നുകൾ മനോരമയിൽ ആദ്യാക്ഷരം കുറിച്ചു. കാൽപന്തുകളിയോടും ലയണൽ മെസ്സിയോടുമുള്ള ആരാധനയാണു മുണ്ടക്കയം അരീക്കൽ വിഷ്ണു രാജ്– ജ്യോതിക ദമ്പതികൾ തങ്ങളുടെ മകന് മെസ്സി വിഷ്ണു എന്ന് പേര് നൽകാൻ കാരണം. വെൽഡിങ് തൊഴിലാളിയായ വിഷ്ണുവിന് ഫുട്ബോൾ എന്നാൽ ജീവനാണ്. കേരളത്തിൽ നിന്നൊരു മെസ്സി ഇന്ത്യൻ ജഴ്സി അണിയുന്നകാലം അത്ര വിദൂരമല്ലെന്നു പറയുകയാണ് വിഷ്ണു. ഇളയ മകൻ റയാംഷ് വിഷ്ണുവിനോപ്പം ഇവർ മനോരമയിലെത്തിയത്. തമിഴ്നാട് തെങ്കാശി സ്വദേശി പി.രാജ് (36), ഭാര്യ സത്യ രാജ് ദമ്പതികൾക്ക് മുൻ ഇന്ത്യൻ ക്രിക്കറ്റ് താരം സുരേഷ് റെയ്നയോടുള്ള സ്നേഹമാണ് മകന് ആർ. സുരേഷ് റെയ്ന എന്നു പേരിട്ടത്. സുരേഷ് റെയ്നയുടെ കളിമികവും കളത്തിനു പുറത്തുള്ള പെരുമാറ്റവുമാണ് ആരാധനയ്ക്കു പിന്നിൽ. 20 വർഷമായി കോട്ടയത്ത് കച്ചവടം നടത്തുന്ന രാജ് തന്റെ മൂത്ത മകൾക്ക് രാജ പ്രഭ എന്നാണ് പേര് നൽകിയത്. ഭാര്യ സത്യയ്ക്ക് തമിഴ്നാട് കബഡി താരം അല്ലൂർ പ്രഭയോടു തോന്നിയ ആരാധനയാണ് മകൾക്ക് ആ പേര് നൽകാൻ കാരണം. ഭാവിയിൽ മകനെ രാജ്യമറിയുന്ന കായിക താരമാക്കണമെന്നാണ് ദമ്പതികളുടെ ആഗ്രഹം. വിജയദശമി ദിനത്തിൽ അറിവിന്റെ ലോകത്തേക്കു ഇരുവരെയും കൈപിടിച്ചു നടത്തിയതാകട്ടെ ഒളിംപ്യൻ എം.ഡി.വൽസമ്മയും. Activate your premium subscription today. © Copyright 2025 Manoramaonline. All rights reserved. ",REAL
അര ലിറ്ററിന് 600 രൂപ; ‘വൻ ഹിറ്റായ’ ഡ്രൈ ഡേ വ്യാപാരം പൂട്ടിച്ചു: കായലിൽ ഒളിപ്പിച്ച 101 കുപ്പി മദ്യം പിടിച്ചെടുത്തു,"Activate your premium subscription today    മനോരമ ലേഖകൻ Published: October 01, 2025 06:09 PM IST 1 minuteRead Link Copied ആലപ്പുഴ ∙ അവധി ദിനങ്ങളായ ഒക്ടോബർ ഒന്ന്, രണ്ട് തീയതികളിൽ വിൽപ്പന നടത്താൻ സൂക്ഷിച്ചിരുന്ന 101 കുപ്പി മദ്യം അമ്പപ്പുഴയിൽ നടത്തിയ റെയ്ഡിൽ എക്സൈസ് പിടികൂടി. പുറക്കാട് സ്വദേശി പുതുവൽ വീട്ടിൽ ശിവജി(52)യെ അറസ്റ്റു ചെയ്തു. ആലപ്പുഴ എക്സൈസ് അസിസ്റ്റന്റ് ഇൻസ്പെക്ടർ ഫാറൂക്ക് അഹമ്മദിന് കിട്ടിയ രഹസ്യ വിവരത്തിന്റെ അടിസ്ഥാനത്തിൽ നടത്തി പരിശോധനയിലാണ് ഇയാൾ പിടിയിലായത്. മദ്യ വിൽപ്പന നടത്തിക്കൊണ്ടിരുന്ന ശിവജി എക്സൈസിനെ കണ്ട് വല സഞ്ചിയിൽ സൂക്ഷിച്ചിരുന്ന മദ്യം കായലിലേക്ക് ഉപേക്ഷിച്ചു രക്ഷപ്പെടാൻ ശ്രമിച്ചെങ്കിലും പിടികൂടുകയായിരുന്നു. തുടർന്ന് കായലിൽ നടത്തിയ തിരിച്ചിലാണ് കൂടുതൽ മദ്യക്കുപ്പികൾ കണ്ടെത്തിയത്. നിരവധി പരാതികൾ ഇയാളെ കുറിച്ച് മുമ്പും ലഭിച്ചിട്ടുണ്ടായിരുന്നു. ഡ്രൈ ഡേ വിൽപന നോക്കി ഇയാൾ കൂടുതൽ മദ്യം അനധികൃതമായി വാങ്ങുകയും മദ്യ കുപ്പികൾ കായലിൽ ഒളിപ്പിച്ചു വയ്ക്കുകയുമായിരുന്നെന്ന് എക്സൈസ് പറഞ്ഞു. ആവശ്യക്കാർക്ക് അര ലിറ്ററിന് അറുന്നൂറ് രൂപയ്ക്കായിരുന്നു വിൽപന. എക്സൈസ് സംഘത്തിൽ അസി : എക്സൈസ് ഇൻസ്പെക്ടർമാരായ അബ്ദുൾ ഷുക്കൂർ, മനോജ് കുമാർ വി.കെ, സന്തോഷ് കുമാർ വി, സിവിൽ എക്സൈസ് ഓഫീസർമാരായ സുർജിത്ത് ടി. ജി, ഷഫീക്ക് കെ.എസ്, ഹരീഷ് കുമാർ കെ. എച്ച്,  ജി. ആർ ശ്രീ രണദിവെ, വനിതാ സിവിൽ എക്സൈസ് ഓഫീസർ ജയകുമാരി വി.കെ എന്നിവരും ഉണ്ടായിരുന്നു. Activate your premium subscription today. © Copyright 2025 Manoramaonline. All rights reserved. ",REAL
